日付,機種名,台番,累計ゲーム数,BIG回数,REG回数,推測差枚,REG確率,最有力設定,設定1(%),設定2(%),設定3(%),設定4(%),設定V(%)
2026-07-05,SBニューキングハナハナV-30,336,7668,26,21,11,365,設定1,33.9,19.7,18.7,14.3,13.3
2026-07-05,SBニューキングハナハナV-30,337,1571,5,4,-138,392,設定1,44.3,20.3,15.5,10.2,9.6
2026-07-05,SBニューキングハナハナV-30,338,3641,16,7,759,520,設定1,42.8,20.4,16.1,10.9,9.8
2026-07-05,SBニューキングハナハナV-30,339,3949,7,8,-2353,493,設定1,58.3,21.6,12.2,5.2,2.6
2026-07-05,SBニューキングハナハナV-30,340,2882,12,4,193,720,設定1,49.5,21.1,14.6,8.4,6.4
2026-07-05,SBニューキングハナハナV-30,341,1073,4,1,-137,1073,設定1,49.2,20.7,14.4,8.6,7.2
2026-07-05,SBニューキングハナハナV-30,342,5400,21,11,355,490,設定1,44.7,21.2,16.2,10.1,7.8
2026-07-05,SBニューキングハナハナV-30,343,1422,4,3,-370,474,設定1,47.4,20.7,14.9,9.1,7.9
2026-07-05,SBニューキングハナハナV-30,344,3020,7,2,-1821,1510,設定1,63.5,20.7,10.2,3.8,1.7
2026-07-05,SBニューキングハナハナV-30,345,2821,7,7,-890,403,設定1,48.0,21.1,15.1,8.9,6.9
2026-07-05,SBニューキングハナハナV-30,346,2459,7,6,-509,409,設定1,46.3,20.8,15.4,9.5,8.0
2026-07-05,SBニューキングハナハナV-30,347,3913,18,6,869,652,設定1,46.2,20.9,15.5,9.6,7.8
2026-07-05,SBニューキングハナハナV-30,348,2536,8,8,-45,317,設定1,38.8,19.6,16.6,12.2,12.8
2026-07-05,SBニューキングハナハナV-30,349,8548,31,19,68,449,設定1,43.3,21.8,17.3,10.5,7.1
2026-07-05,SBニューキングハナハナV-30,350,2357,9,2,-261,1178,設定1,53.9,21.2,13.3,6.9,4.7
2026-07-05,SBニューキングハナハナV-30,351,5827,29,15,2767,388,設定V,22.2,14.8,17.3,18.5,27.2
2026-07-05,SBニューキングハナハナV-30,352,1896,9,2,390,948,設定1,48.0,20.7,14.7,9.0,7.5
2026-07-05,SBニューキングハナハナV-30,353,2197,6,4,-711,549,設定1,50.9,21.2,14.2,7.9,5.8
2026-07-05,SBニューキングハナハナV-30,354,1700,4,3,-763,566,設定1,51.1,21.1,14.1,7.8,5.9
2026-07-05,SBニューキングハナハナV-30,355,4834,19,12,660,402,設定1,37.2,19.7,17.4,13.0,12.8
2026-07-05,SBニューキングハナハナV-30,356,1219,5,1,-31,1219,設定1,49.3,20.7,14.4,8.5,7.1
2026-07-05,SBニューキングハナハナV-30,357,8065,36,27,3350,298,設定V,7.3,7.0,12.5,21.3,51.9
2026-07-05,SBニューキングハナハナV-30,358,780,0,1,-971,780,設定1,52.3,20.9,13.6,7.4,5.7
2026-07-05,SBニューキングハナハナV-30,359,4667,13,14,-715,333,設定1,39.4,20.3,17.2,12.0,11.0
2026-07-05,SBニューキングハナハナV-30,360,3944,14,8,-162,493,設定1,47.3,21.2,15.4,9.1,7.0
2026-07-05,SBニューキングハナハナV-30,361,4483,13,14,-455,320,設定1,36.8,19.7,17.5,13.0,13.0
2026-07-05,SBニューキングハナハナV-30,362,1873,5,4,-565,468,設定1,48.5,20.9,14.7,8.7,7.1
2026-07-05,SBニューキングハナハナV-30,363,4000,17,6,434,666,設定1,49.1,21.3,14.9,8.5,6.3
2026-07-05,SBニューキングハナハナV-30,364,4157,16,14,940,296,設定1,26.2,16.2,17.5,16.9,23.2
2026-07-05,SBニューキングハナハナV-30,365,4070,12,9,-834,452,設定1,49.3,21.5,15.0,8.3,5.9
2026-07-03,SBニューキングハナハナV-30,336,3194,12,7,142,456,設定1,44.0,20.6,15.9,10.4,9.1
2026-07-03,SBニューキングハナハナV-30,337,1839,6,3,-335,613,設定1,49.4,20.9,14.5,8.4,6.7
2026-07-03,SBニューキングハナハナV-30,338,845,4,0,54,0,設定1,49.3,20.6,14.3,8.5,7.2
2026-07-03,SBニューキングハナハナV-30,339,4173,12,9,-979,463,設定1,50.6,21.6,14.7,7.9,5.3
2026-07-03,SBニューキングハナハナV-30,340,711,1,2,-432,355,設定1,46.4,20.4,14.9,9.5,8.7
2026-07-03,SBニューキングハナハナV-30,341,8017,38,13,2222,616,設定1,42.9,21.3,16.9,10.9,8.0
2026-07-03,SBニューキングハナハナV-30,342,448,1,0,-320,0,設定1,49.4,20.6,14.2,8.5,7.3
2026-07-03,SBニューキングハナハナV-30,343,2383,10,4,274,595,設定1,46.4,20.7,15.2,9.5,8.2
2026-07-03,SBニューキングハナハナV-30,344,567,1,0,-488,0,設定1,50.9,20.8,13.9,7.9,6.5
2026-07-03,SBニューキングハナハナV-30,345,3248,8,5,-1441,649,設定1,57.2,21.4,12.5,5.6,3.2
2026-07-03,SBニューキングハナハナV-30,346,2742,6,8,-960,342,設定1,45.5,20.9,15.7,9.7,8.2
2026-07-03,SBニューキングハナハナV-30,347,1616,6,1,-280,1616,設定1,52.7,21.0,13.6,7.3,5.4
2026-07-03,SBニューキングハナハナV-30,348,3471,11,8,-430,433,設定1,46.4,21.0,15.6,9.5,7.6
2026-07-03,SBニューキングハナハナV-30,349,981,0,2,-1125,490,設定1,51.8,21.0,13.8,7.6,5.8
2026-07-03,SBニューキングハナハナV-30,350,6274,29,14,2006,448,設定1,31.9,18.4,18.0,15.1,16.5
2026-07-03,SBニューキングハナハナV-30,351,2944,7,2,-1714,1472,設定1,62.9,20.8,10.5,4.0,1.8
2026-07-03,SBニューキングハナハナV-30,352,2235,6,7,-374,319,設定1,41.7,20.1,16.2,11.1,10.8
2026-07-03,SBニューキングハナハナV-30,353,3090,10,8,-204,386,設定1,42.9,20.5,16.1,10.7,9.7
2026-07-03,SBニューキングハナハナV-30,354,1086,1,4,-701,271,設定1,45.0,20.4,15.4,10.0,9.3
2026-07-03,SBニューキングハナハナV-30,355,6771,29,18,1824,376,設定1,25.6,16.5,18.2,17.5,22.1
2026-07-03,SBニューキングハナハナV-30,356,3528,14,14,1205,252,設定V,21.1,14.0,16.6,18.2,30.0
2026-07-03,SBニューキングハナハナV-30,357,2444,8,7,-45,349,設定1,40.9,20.0,16.3,11.5,11.4
2026-07-03,SBニューキングハナハナV-30,358,1451,6,1,-47,1451,設定1,50.6,20.9,14.1,8.0,6.4
2026-07-03,SBニューキングハナハナV-30,359,3162,13,8,629,395,設定1,38.2,19.5,16.8,12.5,13.0
2026-07-03,SBニューキングハナハナV-30,360,3103,4,10,-1834,310,設定1,47.5,21.3,15.4,8.9,6.9
2026-07-03,SBニューキングハナハナV-30,361,3670,10,12,-503,305,設定1,37.7,19.7,17.2,12.7,12.8
2026-07-03,SBニューキングハナハナV-30,362,1515,9,1,798,1515,設定1,46.1,20.4,15.0,9.7,8.8
2026-07-03,SBニューキングハナハナV-30,363,2908,10,6,-207,484,設定1,47.0,21.0,15.3,9.3,7.5
2026-07-03,SBニューキングハナハナV-30,364,4947,13,18,-591,274,設定1,29.8,17.9,18.2,15.7,18.4
2026-07-03,SBニューキングハナハナV-30,365,2914,12,8,668,364,設定1,36.5,19.0,16.9,13.1,14.5
2026-07-02,SBニューキングハナハナV-30,336,3816,8,7,-1983,545,設定1,58.1,21.6,12.3,5.3,2.8
2026-07-02,SBニューキングハナハナV-30,337,3259,12,10,440,325,設定1,34.6,18.7,17.2,13.8,15.7
2026-07-02,SBニューキングハナハナV-30,338,1104,8,2,1196,552,設定1,38.6,19.0,16.0,12.3,14.1
2026-07-02,SBニューキングハナハナV-30,339,6984,25,8,-1024,873,設定1,64.1,21.1,10.2,3.4,1.2
2026-07-02,SBニューキングハナハナV-30,340,1402,6,2,151,701,設定1,46.8,20.5,14.9,9.4,8.4
2026-07-02,SBニューキングハナハナV-30,341,3947,8,7,-2168,563,設定1,59.4,21.5,11.8,4.9,2.4
2026-07-02,SBニューキングハナハナV-30,342,199,1,1,160,199,設定1,42.5,19.6,15.4,10.9,11.5
2026-07-02,SBニューキングハナハナV-30,343,6895,32,15,2195,459,設定1,31.7,18.5,18.2,15.3,16.3
2026-07-02,SBニューキングハナハナV-30,344,4458,25,16,3583,278,設定V,10.1,8.3,12.9,20.0,48.7
2026-07-02,SBニューキングハナハナV-30,345,3422,10,8,-673,427,設定1,47.5,21.2,15.3,9.0,7.0
2026-07-02,SBニューキングハナハナV-30,346,2445,7,6,-489,407,設定1,46.2,20.8,15.4,9.5,8.1
2026-07-02,SBニューキングハナハナV-30,347,3049,12,7,347,435,設定1,42.0,20.2,16.2,11.1,10.5
2026-07-02,SBニューキングハナハナV-30,348,727,1,1,-584,727,設定1,49.9,20.8,14.2,8.3,6.9
2026-07-02,SBニューキングハナハナV-30,349,5898,27,19,2563,310,設定V,14.9,11.4,15.7,20.3,37.7
2026-07-02,SBニューキングハナハナV-30,350,4729,19,13,938,363,設定1,32.2,18.3,17.7,14.9,16.9
2026-07-02,SBニューキングハナハナV-30,351,2140,9,6,565,356,設定1,38.0,19.2,16.5,12.6,13.8
2026-07-02,SBニューキングハナハナV-30,352,7124,36,19,3640,374,設定V,15.3,11.7,16.1,20.6,36.3
2026-07-02,SBニューキングハナハナV-30,353,2033,5,3,-921,677,設定1,53.5,21.2,13.5,7.0,4.8
2026-07-02,SBニューキングハナハナV-30,354,8699,29,31,791,280,設定V,12.5,10.7,16.4,21.8,38.6
2026-07-02,SBニューキングハナハナV-30,355,582,0,0,-822,0,設定1,52.8,20.9,13.5,7.3,5.6
2026-07-02,SBニューキングハナハナV-30,356,982,1,3,-684,327,設定1,46.9,20.6,14.9,9.3,8.3
2026-07-02,SBニューキングハナハナV-30,357,1507,5,1,-438,1507,設定1,53.0,21.0,13.5,7.2,5.2
2026-07-02,SBニューキングハナハナV-30,358,3771,16,12,1225,314,設定1,27.4,16.5,17.3,16.4,22.4
2026-07-02,SBニューキングハナハナV-30,359,1765,9,4,835,441,設定1,39.4,19.4,16.2,12.0,13.0
2026-07-02,SBニューキングハナハナV-30,360,3349,9,9,-752,372,設定1,45.1,20.9,15.9,9.9,8.2
2026-07-02,SBニューキングハナハナV-30,361,999,7,0,773,0,設定1,45.9,20.2,14.9,9.7,9.2
2026-07-02,SBニューキングハナハナV-30,362,6484,20,17,-708,381,設定1,41.8,21.2,17.3,11.1,8.7
2026-07-02,SBニューキングハナハナV-30,363,1411,7,1,321,1411,設定1,48.3,20.7,14.6,8.9,7.6
2026-07-02,SBニューキングハナハナV-30,364,3450,10,8,-712,431,設定1,47.8,21.2,15.2,8.9,6.8
2026-07-02,SBニューキングハナハナV-30,365,3831,10,8,-1250,478,設定1,52.6,21.6,14.0,7.2,4.6
2026-07-07,SBニューキングハナハナV-30,336,4822,10,15,-1740,321,設定1,43.8,21.3,16.6,10.3,8.1
2026-07-07,SBニューキングハナハナV-30,337,4137,11,9,-1241,459,設定1,51.8,21.7,14.3,7.4,4.8
2026-07-07,SBニューキングハナハナV-30,338,1619,5,3,-336,539,設定1,48.3,20.8,14.7,8.8,7.4
2026-07-07,SBニューキングハナハナV-30,339,5657,23,17,1396,332,設定1,24.4,15.8,17.8,17.7,24.2
2026-07-07,SBニューキングハナハナV-30,340,1868,10,6,1261,311,設定1,31.8,17.5,16.7,14.7,19.4
2026-07-07,SBニューキングハナハナV-30,341,2793,5,11,-954,253,設定1,38.0,19.6,17.0,12.5,12.9
2026-07-07,SBニューキングハナハナV-30,342,1493,5,1,-418,1493,設定1,52.8,21.0,13.5,7.3,5.3
2026-07-07,SBニューキングハナハナV-30,343,2066,4,4,-1150,516,設定1,52.6,21.2,13.8,7.3,5.1
2026-07-07,SBニューキングハナハナV-30,344,9345,41,25,2843,373,設定V,17.3,13.3,17.8,20.8,30.9
2026-07-07,SBニューキングハナハナV-30,345,331,1,0,-155,0,設定1,47.8,20.4,14.5,9.0,8.2
2026-07-07,SBニューキングハナハナV-30,346,8144,36,24,2849,339,設定V,13.9,11.2,16.2,21.2,37.5
2026-07-07,SBニューキングハナハナV-30,347,6355,25,18,1164,353,設定1,27.2,17.1,18.3,16.9,20.5
2026-07-07,SBニューキングハナハナV-30,348,396,0,1,-429,396,設定1,47.2,20.4,14.7,9.2,8.4
2026-07-07,SBニューキングハナハナV-30,349,2267,7,4,-497,566,設定1,50.1,21.1,14.4,8.2,6.2
2026-07-07,SBニューキングハナハナV-30,350,5309,19,16,509,331,設定1,30.4,18.0,18.1,15.6,18.0
2026-07-07,SBニューキングハナハナV-30,351,3600,9,9,-1106,400,設定1,48.4,21.4,15.2,8.7,6.4
2026-07-07,SBニューキングハナハナV-30,352,2156,6,3,-783,718,設定1,53.4,21.2,13.5,7.0,4.8
2026-07-07,SBニューキングハナハナV-30,353,6270,31,17,3026,368,設定V,18.5,13.2,16.8,19.6,31.9
2026-07-07,SBニューキングハナハナV-30,354,1882,5,6,-318,313,設定1,42.0,20.1,16.0,11.1,10.9
2026-07-07,SBニューキングハナハナV-30,355,9453,36,37,2690,255,設定V,3.0,3.7,8.7,19.7,64.9
2026-07-07,SBニューキングハナハナV-30,356,6609,31,20,2937,330,設定V,14.4,11.2,15.7,20.6,38.1
2026-07-07,SBニューキングハナハナV-30,357,4741,17,12,167,395,設定1,39.7,20.2,17.1,12.0,11.0
2026-07-07,SBニューキングハナハナV-30,358,2428,11,2,262,1214,設定1,51.5,21.1,14.0,7.7,5.7
2026-07-07,SBニューキングハナハナV-30,359,2520,6,2,-1427,1260,設定1,60.1,21.1,11.4,4.8,2.6
2026-07-07,SBニューキングハナハナV-30,360,1543,5,2,-359,771,設定1,50.4,20.9,14.2,8.1,6.4
2026-07-07,SBニューキングハナハナV-30,361,2816,9,3,-779,938,設定1,56.4,21.3,12.7,6.0,3.6
2026-07-07,SBニューキングハナハナV-30,362,6312,26,17,1406,371,設定1,28.0,17.3,18.2,16.6,19.8
2026-07-07,SBニューキングハナハナV-30,363,3223,9,6,-964,537,設定1,52.7,21.5,13.9,7.2,4.8
2026-07-07,SBニューキングハナハナV-30,364,1053,2,2,-603,526,設定1,49.3,20.8,14.4,8.5,7.1
2026-07-07,SBニューキングハナハナV-30,365,6198,19,19,-356,326,設定1,33.0,19.1,18.4,14.6,14.9
2026-07-06,SBニューキングハナハナV-30,336,4380,13,11,-700,398,設定1,45.3,21.2,16.0,9.8,7.7
2026-07-06,SBニューキングハナハナV-30,337,2115,5,8,-387,264,設定1,38.5,19.4,16.6,12.3,13.1
2026-07-06,SBニューキングハナハナV-30,338,3637,13,13,609,279,設定1,27.8,16.7,17.4,16.2,21.8
2026-07-06,SBニューキングハナハナV-30,339,3553,12,11,155,323,設定1,35.5,19.0,17.3,13.5,14.7
2026-07-06,SBニューキングハナハナV-30,340,651,3,0,16,0,設定1,48.5,20.5,14.4,8.8,7.7
2026-07-06,SBニューキングハナハナV-30,341,1703,6,6,246,283,設定1,37.4,19.0,16.5,12.7,14.4
2026-07-06,SBニューキングハナハナV-30,342,1201,4,0,-448,0,設定1,53.8,21.0,13.2,6.9,5.0
2026-07-06,SBニューキングハナハナV-30,343,1456,1,2,-1484,728,設定1,55.9,21.2,12.7,6.2,4.0
2026-07-06,SBニューキングハナハナV-30,344,2959,3,6,-2463,493,設定1,58.7,21.4,12.0,5.1,2.7
2026-07-06,SBニューキングハナハナV-30,345,1657,7,0,-156,0,設定1,54.5,21.0,13.1,6.7,4.7
2026-07-06,SBニューキングハナハナV-30,346,6596,22,15,-502,439,設定1,46.1,21.7,16.3,9.4,6.5
2026-07-06,SBニューキングハナハナV-30,347,626,1,0,-572,0,設定1,51.7,20.8,13.7,7.7,6.1
2026-07-06,SBニューキングハナハナV-30,348,3019,12,13,1169,232,設定V,20.9,13.9,16.4,18.2,30.6
2026-07-06,SBニューキングハナハナV-30,349,3368,9,12,-388,280,設定1,35.2,19.0,17.3,13.6,14.9
2026-07-06,SBニューキングハナハナV-30,350,2504,7,5,-702,500,設定1,50.1,21.2,14.5,8.1,6.1
2026-07-06,SBニューキングハナハナV-30,351,2917,7,6,-1155,486,設定1,52.2,21.4,14.0,7.3,5.0
2026-07-06,SBニューキングハナハナV-30,352,1888,8,2,89,944,設定1,49.7,20.9,14.4,8.4,6.7
2026-07-06,SBニューキングハナハナV-30,353,1186,2,2,-791,593,設定1,51.0,21.0,14.0,7.9,6.2
2026-07-06,SBニューキングハナハナV-30,354,4413,11,9,-1630,490,設定1,54.9,21.8,13.4,6.3,3.6
2026-07-06,SBニューキングハナハナV-30,355,248,0,0,-350,0,設定1,48.5,20.5,14.4,8.8,7.8
2026-07-06,SBニューキングハナハナV-30,356,487,0,1,-557,487,設定1,48.5,20.6,14.5,8.8,7.7
2026-07-06,SBニューキングハナハナV-30,357,1304,6,4,550,326,設定1,38.5,19.1,16.2,12.3,13.9
2026-07-06,SBニューキングハナハナV-30,358,6295,26,13,910,484,設定1,41.3,20.8,17.1,11.4,9.4
2026-07-06,SBニューキングハナハナV-30,359,838,2,2,-299,419,設定1,46.4,20.4,15.0,9.5,8.7
2026-07-06,SBニューキングハナハナV-30,360,647,4,1,464,647,設定1,43.2,19.8,15.4,10.7,10.9
2026-07-06,SBニューキングハナハナV-30,361,2805,10,3,-451,935,設定1,54.7,21.3,13.2,6.6,4.2
2026-07-06,SBニューキングハナハナV-30,362,882,0,2,-985,441,設定1,50.5,20.9,14.1,8.0,6.4
2026-07-06,SBニューキングハナハナV-30,363,1424,4,4,-243,356,設定1,44.2,20.3,15.5,10.3,9.8
2026-07-06,SBニューキングハナハナV-30,364,852,3,1,-137,852,設定1,48.0,20.6,14.6,9.0,7.9
2026-07-06,SBニューキングハナハナV-30,365,3005,12,3,-110,1001,設定1,53.9,21.3,13.4,6.8,4.5
2026-07-04,SBニューキングハナハナV-30,336,4048,8,10,-1921,404,設定1,52.6,21.8,14.1,7.1,4.4
2026-07-04,SBニューキングハナハナV-30,337,3772,15,8,392,471,設定1,43.2,20.6,16.2,10.7,9.4
2026-07-04,SBニューキングハナハナV-30,338,701,3,0,-54,0,設定1,49.2,20.6,14.3,8.6,7.3
2026-07-04,SBニューキングハナハナV-30,339,4324,13,9,-881,480,設定1,50.8,21.6,14.6,7.8,5.2
2026-07-04,SBニューキングハナハナV-30,340,861,1,2,-644,430,設定1,48.5,20.7,14.6,8.8,7.5
2026-07-04,SBニューキングハナハナV-30,341,1655,6,2,-205,827,設定1,50.2,20.9,14.3,8.2,6.5
2026-07-04,SBニューキングハナハナV-30,342,2277,8,9,449,253,設定1,31.4,17.6,17.0,14.8,19.2
2026-07-04,SBニューキングハナハナV-30,343,2113,9,3,213,704,設定1,47.8,20.8,14.9,9.0,7.6
2026-07-04,SBニューキングハナハナV-30,344,3153,13,6,382,525,設定1,44.9,20.7,15.7,10.1,8.7
2026-07-04,SBニューキングハナハナV-30,345,1228,5,3,215,409,設定1,42.8,19.9,15.6,10.8,10.8
2026-07-04,SBニューキングハナハナV-30,346,8236,30,15,-322,549,設定1,52.9,22.4,14.4,6.8,3.5
2026-07-04,SBニューキングハナハナV-30,347,1623,4,4,-524,405,設定1,46.9,20.7,15.1,9.3,8.0
2026-07-04,SBニューキングハナハナV-30,348,2322,12,4,984,580,設定1,41.7,19.9,16.0,11.2,11.2
2026-07-04,SBニューキングハナハナV-30,349,8867,34,22,944,403,設定1,32.5,19.4,19.1,15.0,14.0
2026-07-04,SBニューキングハナハナV-30,350,417,2,0,35,0,設定1,47.1,20.4,14.7,9.3,8.6
2026-07-04,SBニューキングハナハナV-30,351,9194,33,28,950,328,設定V,19.8,14.7,18.8,20.0,26.7
2026-07-04,SBニューキングハナハナV-30,352,320,1,0,-139,0,設定1,47.6,20.4,14.6,9.1,8.3
2026-07-04,SBニューキングハナハナV-30,353,1888,9,3,531,629,設定1,44.7,20.3,15.4,10.2,9.4
2026-07-04,SBニューキングハナハナV-30,354,5135,20,11,417,466,設定1,42.9,20.9,16.5,10.8,8.9
2026-07-04,SBニューキングハナハナV-30,355,497,1,0,-389,0,設定1,50.0,20.7,14.1,8.3,6.9
2026-07-04,SBニューキングハナハナV-30,356,2718,10,7,191,388,設定1,41.0,20.0,16.3,11.5,11.2
2026-07-04,SBニューキングハナハナV-30,357,3303,6,11,-1363,300,設定1,43.4,20.8,16.3,10.5,9.1
2026-07-04,SBニューキングハナハナV-30,358,1635,5,6,30,272,設定1,38.4,19.2,16.4,12.4,13.6
2026-07-04,SBニューキングハナハナV-30,359,981,1,2,-813,490,設定1,50.1,20.9,14.2,8.2,6.6
2026-07-04,SBニューキングハナハナV-30,360,6103,26,17,1702,359,設定1,25.1,16.2,18.0,17.6,23.2
2026-07-04,SBニューキングハナハナV-30,361,4115,15,5,-482,823,設定1,56.5,21.5,12.8,5.9,3.3
2026-07-04,SBニューキングハナハナV-30,362,1061,4,2,9,530,設定1,45.7,20.3,15.1,9.7,9.1
2026-07-04,SBニューキングハナハナV-30,363,4618,21,12,1589,384,設定1,30.1,17.6,17.6,15.6,19.1
2026-07-04,SBニューキングハナハナV-30,364,4580,16,10,-176,458,設定1,45.9,21.2,15.9,9.6,7.4
2026-07-04,SBニューキングハナハナV-30,365,3144,6,2,-2308,1572,設定1,65.8,20.4,9.4,3.2,1.3
2026-07-08,SBニューキングハナハナV-30,336,7192,19,20,-1629,359,設定1,43.4,21.7,17.2,10.3,7.3
2026-07-08,SBニューキングハナハナV-30,337,1343,2,3,-882,447,設定1,49.9,20.9,14.3,8.2,6.6
2026-07-08,SBニューキングハナハナV-30,338,676,0,1,-824,676,設定1,51.0,20.8,14.0,7.9,6.3
2026-07-08,SBニューキングハナハナV-30,339,3370,11,10,-27,337,設定1,38.2,19.7,16.9,12.5,12.7
2026-07-08,SBニューキングハナハナV-30,340,929,2,0,-688,0,設定1,53.8,21.0,13.2,7.0,5.1
2026-07-08,SBニューキングハナハナV-30,341,4061,18,9,1050,451,設定1,38.2,19.6,16.9,12.6,12.6
2026-07-08,SBニューキングハナハナV-30,342,3683,10,5,-1431,736,設定1,59.0,21.4,11.9,5.1,2.6
2026-07-08,SBニューキングハナハナV-30,343,915,0,2,-1032,457,設定1,50.9,20.9,14.0,7.9,6.2
2026-07-08,SBニューキングハナハナV-30,344,3030,15,5,1050,606,設定1,42.8,20.2,16.0,10.9,10.2
2026-07-08,SBニューキングハナハナV-30,345,3432,10,9,-557,381,設定1,44.4,20.8,16.0,10.2,8.6
2026-07-08,SBニューキングハナハナV-30,346,816,3,0,-216,0,設定1,50.7,20.8,14.0,8.0,6.5
2026-07-08,SBニューキングハナハナV-30,347,4745,21,10,1150,474,設定1,38.9,19.9,17.0,12.4,11.8
2026-07-08,SBニューキングハナハナV-30,348,2564,8,3,-735,854,設定1,55.0,21.3,13.1,6.5,4.1
2026-07-08,SBニューキングハナハナV-30,349,4244,13,9,-768,471,設定1,49.8,21.6,14.9,8.2,5.6
2026-07-08,SBニューキングハナハナV-30,350,2125,6,1,-999,2125,設定1,58.5,21.1,11.9,5.4,3.1
2026-07-08,SBニューキングハナハナV-30,351,2026,8,3,24,675,設定1,48.4,20.8,14.7,8.8,7.2
2026-07-08,SBニューキングハナハナV-30,352,3479,14,8,494,434,設定1,40.9,20.1,16.5,11.5,11.0
2026-07-08,SBニューキングハナハナV-30,353,3614,12,9,-190,401,設定1,43.2,20.6,16.2,10.6,9.3
2026-07-08,SBニューキングハナハナV-30,354,1627,2,2,-1413,813,設定1,56.3,21.2,12.6,6.1,3.9
2026-07-08,SBニューキングハナハナV-30,355,1507,3,7,-282,215,設定1,36.9,18.9,16.6,12.9,14.7
2026-07-08,SBニューキングハナハナV-30,356,2834,8,9,-336,314,設定1,39.7,19.9,16.6,11.9,11.9
2026-07-08,SBニューキングハナハナV-30,357,2584,6,9,-607,287,設定1,39.9,19.9,16.6,11.8,11.8
2026-07-08,SBニューキングハナハナV-30,358,730,1,1,-589,730,設定1,49.9,20.8,14.2,8.3,6.9
2026-07-08,SBニューキングハナハナV-30,359,6142,24,21,1543,292,設定V,16.9,12.6,16.7,20.0,33.7
2026-07-08,SBニューキングハナハナV-30,360,2414,4,7,-1251,344,設定1,47.9,21.1,15.1,8.9,7.1
2026-07-08,SBニューキングハナハナV-30,361,3697,11,6,-1009,616,設定1,55.1,21.6,13.2,6.4,3.8
2026-07-08,SBニューキングハナハナV-30,362,3416,20,4,1935,854,設定1,42.2,20.1,16.0,11.2,10.6
2026-07-08,SBニューキングハナハナV-30,363,2628,2,3,-2697,876,設定1,63.9,20.7,10.1,3.7,1.6
2026-07-08,SBニューキングハナハナV-30,364,2818,8,8,-444,352,設定1,42.9,20.4,16.1,10.7,9.8
2026-07-08,SBニューキングハナハナV-30,365,4320,10,12,-1421,360,設定1,46.7,21.4,15.8,9.2,6.9
2026-07-09,SBニューキングハナハナV-30,336,5432,18,10,-756,543,設定1,53.1,21.9,14.0,6.9,4.0
2026-07-09,SBニューキングハナハナV-30,337,3755,11,9,-701,417,設定1,46.9,21.2,15.5,9.2,7.1
2026-07-09,SBニューキングハナハナV-30,338,893,4,1,116,893,設定1,46.7,20.4,14.8,9.4,8.6
2026-07-09,SBニューキングハナハナV-30,339,3021,13,5,439,604,設定1,46.4,20.8,15.3,9.5,8.0
2026-07-09,SBニューキングハナハナV-30,340,1613,4,3,-640,537,設定1,50.0,21.0,14.3,8.2,6.5
2026-07-09,SBニューキングハナハナV-30,341,5019,10,18,-1628,278,設定1,36.6,20.0,17.9,13.0,12.4
2026-07-09,SBニューキングハナハナV-30,342,1995,5,3,-867,665,設定1,53.1,21.2,13.6,7.1,5.0
2026-07-09,SBニューキングハナハナV-30,343,6909,29,18,1629,383,設定1,27.5,17.3,18.4,16.8,20.0
2026-07-09,SBニューキングハナハナV-30,344,1605,4,5,-368,321,設定1,43.3,20.2,15.7,10.6,10.1
2026-07-09,SBニューキングハナハナV-30,345,3398,9,10,-691,339,設定1,42.5,20.6,16.4,10.9,9.7
2026-07-09,SBニューキングハナハナV-30,346,1475,3,1,-1017,1475,設定1,55.8,21.1,12.7,6.3,4.1
2026-07-09,SBニューキングハナハナV-30,347,2580,7,8,-419,322,設定1,41.4,20.1,16.3,11.3,10.9
2026-07-09,SBニューキングハナハナV-30,348,768,2,2,-200,384,設定1,45.4,20.3,15.1,9.9,9.4
2026-07-09,SBニューキングハナハナV-30,349,3155,12,7,197,450,設定1,43.5,20.5,16.0,10.6,9.5
2026-07-09,SBニューキングハナハナV-30,350,3752,10,8,-1139,469,設定1,51.6,21.6,14.3,7.5,5.0
2026-07-09,SBニューキングハナハナV-30,351,3917,16,6,239,652,設定1,49.7,21.3,14.7,8.3,6.0
2026-07-09,SBニューキングハナハナV-30,352,688,1,1,-529,688,設定1,49.4,20.7,14.3,8.5,7.2
2026-07-09,SBニューキングハナハナV-30,353,2614,13,3,753,871,設定1,47.3,20.8,15.0,9.2,7.7
2026-07-09,SBニューキングハナハナV-30,354,6708,30,14,1705,479,設定1,36.3,19.8,17.8,13.5,12.7
2026-07-09,SBニューキングハナハナV-30,355,284,3,0,534,0,設定1,43.3,19.7,15.3,10.6,11.1
2026-07-09,SBニューキングハナハナV-30,356,1344,3,4,-442,336,設定1,44.9,20.4,15.4,10.0,9.3
2026-07-09,SBニューキングハナハナV-30,357,2318,8,4,-257,579,設定1,49.1,21.0,14.7,8.5,6.7
2026-07-09,SBニューキングハナハナV-30,358,3246,7,9,-1230,360,設定1,47.3,21.2,15.4,9.1,7.1
2026-07-09,SBニューキングハナハナV-30,359,1338,6,4,502,334,設定1,39.0,19.2,16.2,12.1,13.5
2026-07-09,SBニューキングハナハナV-30,360,5262,31,16,4319,328,設定V,10.2,8.4,13.1,20.3,48.0
2026-07-09,SBニューキングハナハナV-30,361,3776,12,12,-29,314,設定1,35.3,19.1,17.4,13.6,14.6
2026-07-09,SBニューキングハナハナV-30,362,883,1,2,-675,441,設定1,48.8,20.7,14.5,8.6,7.3
2026-07-09,SBニューキングハナハナV-30,363,6442,30,14,2081,460,設定1,32.4,18.6,18.0,15.0,16.0
2026-07-09,SBニューキングハナハナV-30,364,682,2,0,-339,0,設定1,50.7,20.8,14.0,8.0,6.6
2026-07-09,SBニューキングハナハナV-30,365,4677,23,6,1350,779,設定1,47.4,21.2,15.3,9.2,6.9
2026-07-10,SBニューキングハナハナV-30,336,9081,29,23,-788,394,設定1,41.3,21.7,18.0,11.2,7.8
2026-07-10,SBニューキングハナハナV-30,337,3966,11,10,-869,396,設定1,46.6,21.2,15.7,9.3,7.2
2026-07-10,SBニューキングハナハナV-30,338,1329,5,0,-317,0,設定1,53.8,21.0,13.2,7.0,5.0
2026-07-10,SBニューキングハナハナV-30,339,7168,26,18,327,398,設定1,36.9,20.2,18.1,13.1,11.6
2026-07-10,SBニューキングハナハナV-30,340,2526,7,9,-213,280,設定1,37.1,19.2,16.9,12.8,14.0
2026-07-10,SBニューキングハナハナV-30,341,8238,38,23,3210,358,設定V,14.5,11.5,16.4,21.1,36.5
2026-07-10,SBニューキングハナハナV-30,342,2413,8,6,-132,402,設定1,43.9,20.4,15.8,10.4,9.5
2026-07-10,SBニューキングハナハナV-30,343,7189,37,18,3730,399,設定V,17.2,12.7,16.6,20.2,33.3
2026-07-10,SBニューキングハナハナV-30,344,2090,5,5,-741,418,設定1,48.2,21.0,14.9,8.8,7.2
2026-07-10,SBニューキングハナハナV-30,345,6032,27,17,2114,354,設定V,22.3,15.0,17.6,18.5,26.7
2026-07-10,SBニューキングハナハナV-30,346,6871,18,25,-838,274,設定1,24.5,16.5,18.9,17.9,22.2
2026-07-10,SBニューキングハナハナV-30,347,2516,7,5,-719,503,設定1,50.2,21.2,14.4,8.1,6.0
2026-07-10,SBニューキングハナハナV-30,348,3414,7,6,-1857,569,設定1,57.8,21.5,12.3,5.4,2.9
2026-07-10,SBニューキングハナハナV-30,349,2112,5,3,-1032,704,設定1,54.5,21.3,13.2,6.7,4.4
2026-07-10,SBニューキングハナハナV-30,350,6556,29,9,958,728,設定1,51.9,21.9,14.4,7.4,4.4
2026-07-10,SBニューキングハナハナV-30,351,3280,5,5,-2422,656,設定1,61.6,21.1,11.0,4.3,2.0
2026-07-10,SBニューキングハナハナV-30,352,5408,24,14,1669,386,設定1,29.0,17.4,17.9,16.1,19.7
2026-07-10,SBニューキングハナハナV-30,353,3214,10,7,-509,459,設定1,47.9,21.1,15.1,8.9,6.9
2026-07-10,SBニューキングハナハナV-30,354,1008,4,1,-45,1008,設定1,48.3,20.6,14.6,8.9,7.7
2026-07-10,SBニューキングハナハナV-30,355,7876,29,19,393,414,設定1,37.9,20.6,18.2,12.7,10.6
2026-07-10,SBニューキングハナハナV-30,356,932,3,0,-380,0,設定1,52.2,20.9,13.6,7.5,5.8
2026-07-10,SBニューキングハナハナV-30,357,4759,23,13,2144,366,設定1,24.9,15.7,17.3,17.4,24.7
2026-07-10,SBニューキングハナハナV-30,358,4379,16,8,-152,547,設定1,49.5,21.5,14.9,8.3,5.8
2026-07-10,SBニューキングハナハナV-30,359,3216,6,7,-1760,459,設定1,54.5,21.6,13.4,6.5,4.0
2026-07-10,SBニューキングハナハナV-30,360,2085,6,9,97,231,設定1,32.5,17.9,17.0,14.4,18.2
2026-07-10,SBニューキングハナハナV-30,361,4804,11,10,-2053,480,設定1,56.6,21.8,12.9,5.7,3.0
2026-07-10,SBニューキングハナハナV-30,362,5437,16,8,-1647,679,設定1,61.1,21.5,11.3,4.3,1.9
2026-07-10,SBニューキングハナハナV-30,363,4360,15,8,-438,545,設定1,50.9,21.6,14.5,7.8,5.2
2026-07-10,SBニューキングハナハナV-30,364,2758,10,4,-255,689,設定1,51.3,21.2,14.2,7.8,5.6
2026-07-10,SBニューキングハナハナV-30,365,7943,29,17,39,467,設定1,45.2,21.9,16.7,9.8,6.5
2026-07-11,SBニューキングハナハナV-30,336,7084,20,15,-1815,472,設定1,55.0,22.3,13.7,6.1,3.0
2026-07-11,SBニューキングハナハナV-30,337,6321,21,22,484,287,設定V,21.2,14.8,17.9,18.9,27.1
2026-07-11,SBニューキングハナハナV-30,338,5159,17,13,-292,396,設定1,42.2,20.9,16.8,11.0,9.1
2026-07-11,SBニューキングハナハナV-30,339,7113,32,9,1107,790,設定1,53.6,22.0,13.9,6.8,3.7
2026-07-11,SBニューキングハナハナV-30,340,3095,11,4,-419,773,設定1,53.7,21.4,13.5,6.9,4.5
2026-07-11,SBニューキングハナハナV-30,341,2825,9,5,-532,565,設定1,50.8,21.3,14.3,7.9,5.7
2026-07-11,SBニューキングハナハナV-30,342,7144,25,25,959,285,設定V,16.3,12.6,17.1,20.5,33.6
2026-07-11,SBニューキングハナハナV-30,343,1773,6,3,-242,591,設定1,48.6,20.8,14.7,8.7,7.2
2026-07-11,SBニューキングハナハナV-30,344,5282,9,12,-3092,440,設定1,59.2,21.8,12.1,4.8,2.1
2026-07-11,SBニューキングハナハナV-30,345,3557,14,11,774,323,設定1,31.6,17.9,17.4,14.9,18.2
2026-07-11,SBニューキングハナハナV-30,346,5180,19,12,171,431,設定1,42.1,20.8,16.8,11.1,9.3
2026-07-11,SBニューキングハナハナV-30,347,5354,16,11,-1139,486,設定1,52.5,21.9,14.3,7.1,4.2
2026-07-11,SBニューキングハナハナV-30,348,6521,26,10,201,652,設定1,53.3,22.0,14.0,6.9,3.8
2026-07-11,SBニューキングハナハナV-30,349,5273,19,10,-219,527,設定1,49.6,21.7,15.0,8.2,5.5
2026-07-11,SBニューキングハナハナV-30,350,2959,9,3,-981,986,設定1,57.9,21.3,12.2,5.5,3.1
2026-07-11,SBニューキングハナハナV-30,351,8337,27,19,-881,438,設定1,47.4,22.3,16.2,8.8,5.2
2026-07-11,SBニューキングハナハナV-30,352,5139,15,14,-758,367,設定1,42.3,21.0,16.9,10.9,9.0
2026-07-11,SBニューキングハナハナV-30,353,3666,10,12,-497,305,設定1,37.6,19.7,17.2,12.7,12.8
2026-07-11,SBニューキングハナハナV-30,354,4727,20,10,863,472,設定1,40.5,20.3,16.8,11.7,10.7
2026-07-11,SBニューキングハナハナV-30,355,4847,13,8,-1749,605,設定1,59.3,21.6,11.9,4.9,2.3
2026-07-11,SBニューキングハナハナV-30,356,6243,22,21,776,297,設定V,21.5,14.9,17.9,18.8,26.9
2026-07-11,SBニューキングハナハナV-30,357,1261,2,1,-1027,1261,設定1,54.9,21.1,13.0,6.6,4.5
2026-07-11,SBニューキングハナハナV-30,358,5110,16,10,-925,511,設定1,52.5,21.8,14.2,7.1,4.3
2026-07-11,SBニューキングハナハナV-30,359,3429,10,7,-813,489,設定1,50.6,21.4,14.5,7.9,5.5
2026-07-11,SBニューキングハナハナV-30,360,3358,11,2,-1050,1679,設定1,61.7,21.0,10.9,4.3,2.1
2026-07-11,SBニューキングハナハナV-30,361,10330,33,35,255,295,設定V,14.3,12.1,17.9,22.0,33.6
2026-07-11,SBニューキングハナハナV-30,362,2386,9,3,-171,795,設定1,51.3,21.1,14.1,7.8,5.7
2026-07-11,SBニューキングハナハナV-30,363,4108,9,6,-2214,684,設定1,62.0,21.2,10.9,4.1,1.8
2026-07-11,SBニューキングハナハナV-30,364,5046,16,9,-964,560,設定1,54.5,21.8,13.5,6.4,3.6
2026-07-11,SBニューキングハナハナV-30,365,4552,14,7,-1151,650,設定1,57.4,21.6,12.5,5.5,2.9
2026-07-12,SBニューキングハナハナV-30,336,5538,16,11,-1399,503,設定1,54.6,22.0,13.6,6.4,3.5
2026-07-12,SBニューキングハナハナV-30,337,6359,23,16,274,397,設定1,37.8,20.3,17.8,12.8,11.4
2026-07-12,SBニューキングハナハナV-30,338,3471,13,6,-66,578,設定1,49.1,21.2,14.8,8.5,6.3
2026-07-12,SBニューキングハナハナV-30,339,3804,14,8,35,475,設定1,45.4,21.0,15.8,9.8,8.0
2026-07-12,SBニューキングハナハナV-30,340,5072,13,16,-1027,317,設定1,38.4,20.3,17.6,12.4,11.3
2026-07-12,SBニューキングハナハナV-30,341,3038,9,9,-312,337,設定1,40.7,20.1,16.5,11.5,11.1
2026-07-12,SBニューキングハナハナV-30,342,4575,14,11,-663,415,設定1,46.2,21.3,15.9,9.5,7.2
2026-07-12,SBニューキングハナハナV-30,343,1167,3,2,-452,583,設定1,49.0,20.8,14.5,8.6,7.2
2026-07-12,SBニューキングハナハナV-30,344,8010,37,19,2700,421,設定1,24.8,16.4,18.4,18.0,22.3
2026-07-12,SBニューキングハナハナV-30,345,1222,1,1,-1283,1222,設定1,56.0,21.1,12.7,6.2,4.1
2026-07-12,SBニューキングハナハナV-30,346,5734,23,14,897,409,設定1,35.6,19.5,17.8,13.6,13.5
2026-07-12,SBニューキングハナハナV-30,347,1748,6,2,-336,874,設定1,51.3,21.0,14.0,7.8,5.9
2026-07-12,SBニューキングハナハナV-30,348,7213,30,22,2032,327,設定V,17.5,13.0,17.2,20.2,32.1
2026-07-12,SBニューキングハナハナV-30,349,4272,12,13,-599,328,設定1,39.1,20.1,17.2,12.2,11.4
2026-07-12,SBニューキングハナハナV-30,350,4441,15,8,-552,555,設定1,51.9,21.6,14.3,7.4,4.8
2026-07-12,SBニューキングハナハナV-30,351,4424,10,8,-2088,553,設定1,59.1,21.6,12.0,5.0,2.4
2026-07-12,SBニューキングハナハナV-30,352,3873,21,9,2251,430,設定1,29.5,17.1,17.2,15.8,20.5
2026-07-12,SBニューキングハナハナV-30,353,1728,4,1,-1062,1728,設定1,57.1,21.1,12.3,5.8,3.6
2026-07-12,SBニューキングハナハナV-30,354,4881,15,12,-653,406,設定1,45.3,21.3,16.1,9.8,7.5
2026-07-12,SBニューキングハナハナV-30,355,4461,13,10,-944,446,設定1,49.5,21.6,15.0,8.2,5.7
2026-07-12,SBニューキングハナハナV-30,356,2109,7,2,-534,1054,設定1,54.1,21.2,13.3,6.8,4.6
2026-07-12,SBニューキングハナハナV-30,357,3186,5,11,-1509,289,設定1,43.6,20.8,16.2,10.4,8.9
2026-07-12,SBニューキングハナハナV-30,358,2857,6,7,-1253,408,設定1,50.2,21.3,14.6,8.1,5.9
2026-07-12,SBニューキングハナハナV-30,359,4428,24,8,2273,553,設定1,35.3,18.9,17.1,13.7,15.0
2026-07-12,SBニューキングハナハナV-30,360,1097,4,1,-171,1097,設定1,49.5,20.7,14.3,8.4,7.0
2026-07-12,SBニューキングハナハナV-30,361,6109,27,15,1745,407,設定1,30.0,17.9,18.1,15.9,18.3
2026-07-12,SBニューキングハナハナV-30,362,2564,6,7,-839,366,設定1,46.3,20.9,15.4,9.5,7.9
2026-07-12,SBニューキングハナハナV-30,363,5171,17,11,-569,470,設定1,48.7,21.7,15.3,8.5,5.8
2026-07-12,SBニューキングハナハナV-30,364,3529,13,6,-148,588,設定1,49.9,21.3,14.6,8.2,6.0
2026-07-12,SBニューキングハナハナV-30,365,4476,13,9,-1095,497,設定1,52.6,21.7,14.1,7.1,4.4
2026-07-13,SBニューキングハナハナV-30,336,8415,35,15,984,561,設定1,47.1,22.0,16.1,9.1,5.7
2026-07-13,SBニューキングハナハナV-30,337,5456,19,9,-608,606,設定1,54.6,21.9,13.5,6.4,3.6
2026-07-13,SBニューキングハナハナV-30,338,2308,1,3,-2557,769,設定1,62.2,20.9,10.7,4.2,2.0
2026-07-13,SBニューキングハナハナV-30,339,2099,5,2,-1144,1049,設定1,57.1,21.2,12.4,5.8,3.5
2026-07-13,SBニューキングハナハナV-30,340,5355,20,14,496,382,設定1,35.9,19.5,17.7,13.5,13.4
2026-07-13,SBニューキングハナハナV-30,341,5194,24,6,931,865,設定1,52.2,21.6,14.1,7.4,4.7
2026-07-13,SBニューキングハナハナV-30,342,2930,8,5,-992,586,設定1,53.7,21.4,13.6,6.9,4.5
2026-07-13,SBニューキングハナハナV-30,343,4364,14,15,154,290,設定1,29.7,17.6,17.8,15.7,19.2
2026-07-13,SBニューキングハナハナV-30,344,1856,4,3,-983,618,設定1,53.0,21.2,13.6,7.2,5.0
2026-07-13,SBニューキングハナハナV-30,345,2190,4,4,-1325,547,設定1,54.1,21.3,13.4,6.7,4.5
2026-07-13,SBニューキングハナハナV-30,346,1610,5,6,66,268,設定1,38.0,19.1,16.4,12.5,13.9
2026-07-13,SBニューキングハナハナV-30,347,4610,15,15,118,307,設定1,31.3,18.2,17.9,15.1,17.5
2026-07-13,SBニューキングハナハナV-30,348,3627,10,5,-1352,725,設定1,58.4,21.4,12.1,5.3,2.8
2026-07-13,SBニューキングハナハナV-30,349,4119,16,11,604,374,設定1,36.0,19.2,17.3,13.4,14.1
2026-07-13,SBニューキングハナハナV-30,350,7470,38,16,3385,466,設定1,25.2,16.3,18.1,17.8,22.6
2026-07-13,SBニューキングハナハナV-30,351,4539,14,6,-1262,756,設定1,59.7,21.4,11.7,4.8,2.3
2026-07-13,SBニューキングハナハナV-30,352,4147,14,7,-579,592,設定1,52.8,21.6,13.9,7.1,4.5
2026-07-13,SBニューキングハナハナV-30,353,3890,20,6,1525,648,設定1,42.1,20.3,16.2,11.1,10.2
2026-07-13,SBニューキングハナハナV-30,354,1740,3,4,-1001,435,設定1,50.2,21.1,14.3,8.1,6.3
2026-07-13,SBニューキングハナハナV-30,355,7533,33,17,1866,443,設定1,32.2,18.9,18.4,15.1,15.4
2026-07-13,SBニューキングハナハナV-30,356,2211,6,4,-730,552,設定1,51.1,21.2,14.2,7.8,5.8
2026-07-13,SBニューキングハナハナV-30,357,5966,23,12,309,497,設定1,45.5,21.4,16.2,9.8,7.2
2026-07-13,SBニューキングハナハナV-30,358,4580,10,15,-1398,305,設定1,40.5,20.6,17.2,11.6,10.2
2026-07-13,SBニューキングハナハナV-30,359,2557,9,3,-413,852,設定1,53.4,21.3,13.5,7.0,4.8
2026-07-13,SBニューキングハナハナV-30,360,1970,4,3,-1144,656,設定1,54.4,21.2,13.2,6.7,4.5
2026-07-13,SBニューキングハナハナV-30,361,5608,21,14,451,400,設定1,37.7,20.0,17.6,12.8,12.0
2026-07-13,SBニューキングハナハナV-30,362,7672,33,13,1150,590,設定1,47.2,21.8,15.9,9.1,5.9
2026-07-13,SBニューキングハナハナV-30,363,4554,15,14,67,325,設定1,34.0,18.9,17.7,14.1,15.3
2026-07-13,SBニューキングハナハナV-30,364,2919,7,3,-1548,973,設定1,60.3,21.1,11.4,4.7,2.4
2026-07-13,SBニューキングハナハナV-30,365,7089,27,22,1271,322,設定V,20.9,14.7,18.0,19.2,27.2
2026-07-14,SBニューキングハナハナV-30,336,7160,26,19,469,376,設定1,33.4,19.3,18.5,14.5,14.2
2026-07-14,SBニューキングハナハナV-30,337,2266,5,6,-860,377,設定1,47.3,20.9,15.1,9.1,7.5
2026-07-14,SBニューキングハナハナV-30,338,6103,22,16,324,381,設定1,36.1,19.8,17.9,13.4,12.8
2026-07-14,SBニューキングハナハナV-30,339,1697,6,6,255,282,設定1,37.3,19.0,16.5,12.7,14.5
2026-07-14,SBニューキングハナハナV-30,340,4063,11,6,-1526,677,設定1,59.0,21.5,12.0,5.0,2.5
2026-07-14,SBニューキングハナハナV-30,341,533,0,0,-752,0,設定1,52.2,20.9,13.6,7.5,5.9
2026-07-14,SBニューキングハナハナV-30,342,4425,18,6,146,737,設定1,52.7,21.6,14.0,7.2,4.6
2026-07-14,SBニューキングハナハナV-30,343,2971,11,4,-244,742,設定1,52.2,21.3,13.9,7.4,5.1
2026-07-14,SBニューキングハナハナV-30,344,832,1,2,-603,416,設定1,48.1,20.6,14.6,8.9,7.7
2026-07-14,SBニューキングハナハナV-30,345,4797,15,9,-925,533,設定1,53.2,21.8,13.9,6.9,4.1
2026-07-14,SBニューキングハナハナV-30,346,1262,4,2,-274,631,設定1,48.5,20.7,14.6,8.8,7.4
2026-07-14,SBニューキングハナハナV-30,347,5257,19,13,193,404,設定1,39.8,20.4,17.2,11.9,10.6
2026-07-14,SBニューキングハナハナV-30,348,2036,6,7,-93,290,設定1,38.8,19.5,16.5,12.2,13.0
2026-07-14,SBニューキングハナハナV-30,349,3001,17,7,1975,428,設定1,31.4,17.5,16.9,15.0,19.2
2026-07-14,SBニューキングハナハナV-30,350,3008,13,6,587,501,設定1,42.9,20.3,16.0,10.8,10.0
2026-07-14,SBニューキングハナハナV-30,351,6287,30,12,2040,523,設定1,37.0,19.8,17.5,13.2,12.5
2026-07-14,SBニューキングハナハナV-30,352,2801,8,6,-680,466,設定1,49.1,21.2,14.8,8.5,6.5
2026-07-14,SBニューキングハナハナV-30,353,6390,26,16,1166,399,設定1,32.5,18.8,18.2,14.9,15.6
2026-07-14,SBニューキングハナハナV-30,354,1531,7,1,151,1531,設定1,49.9,20.8,14.2,8.3,6.7
2026-07-14,SBニューキングハナハナV-30,355,7658,37,20,3327,382,設定V,17.3,12.9,16.9,20.3,32.6
2026-07-14,SBニューキングハナハナV-30,356,4470,26,13,3488,343,設定V,15.9,11.5,15.3,19.6,37.7
2026-07-14,SBニューキングハナハナV-30,357,596,0,1,-711,596,設定1,49.9,20.7,14.2,8.3,6.9
2026-07-14,SBニューキングハナハナV-30,358,8131,38,27,3881,301,設定V,6.1,6.1,11.4,20.9,55.5
2026-07-14,SBニューキングハナハナV-30,359,663,1,1,-494,663,設定1,49.0,20.7,14.4,8.6,7.3
2026-07-14,SBニューキングハナハナV-30,360,4130,13,10,-477,413,設定1,45.2,21.1,16.0,9.9,7.9
2026-07-14,SBニューキングハナハナV-30,361,4118,12,7,-1162,588,設定1,55.6,21.6,13.1,6.1,3.5
2026-07-14,SBニューキングハナハナV-30,362,2888,10,9,210,320,設定1,36.6,19.1,16.9,13.1,14.3
2026-07-14,SBニューキングハナハナV-30,363,3599,13,14,792,257,設定V,23.9,15.3,17.1,17.5,26.2
2026-07-14,SBニューキングハナハナV-30,364,8510,33,28,1916,303,設定V,12.2,10.4,15.9,21.7,39.7
2026-07-14,SBニューキングハナハナV-30,365,1445,5,2,-220,722,設定1,49.2,20.8,14.5,8.5,7.0
2026-07-15,SBニューキングハナハナV-30,336,3677,10,11,-643,334,設定1,41.2,20.4,16.7,11.4,10.4
2026-07-15,SBニューキングハナハナV-30,337,2792,8,8,-407,349,設定1,42.5,20.4,16.2,10.9,10.1
2026-07-15,SBニューキングハナハナV-30,338,9741,42,26,2725,374,設定V,17.6,13.6,18.1,20.8,29.9
2026-07-15,SBニューキングハナハナV-30,339,1581,3,5,-647,316,設定1,44.9,20.5,15.5,10.0,9.2
2026-07-15,SBニューキングハナハナV-30,340,2287,9,6,357,381,設定1,40.1,19.7,16.3,11.8,12.1
2026-07-15,SBニューキングハナハナV-30,341,7442,29,16,616,465,設定1,41.7,21.2,17.3,11.2,8.6
2026-07-15,SBニューキングハナハナV-30,342,1503,3,3,-796,501,設定1,50.3,21.0,14.3,8.1,6.4
2026-07-15,SBニューキングハナハナV-30,343,4455,14,11,-494,405,設定1,44.6,21.1,16.2,10.1,8.1
2026-07-15,SBニューキングハナハナV-30,344,3649,11,5,-1071,729,設定1,57.2,21.5,12.5,5.7,3.1
2026-07-15,SBニューキングハナハナV-30,345,3584,11,7,-720,512,設定1,50.9,21.5,14.4,7.8,5.4
2026-07-15,SBニューキングハナハナV-30,346,5001,22,20,2400,250,設定V,10.2,8.6,13.5,20.4,47.3
2026-07-15,SBニューキングハナハナV-30,347,1760,4,4,-717,440,設定1,48.8,20.9,14.7,8.6,7.0
2026-07-15,SBニューキングハナハナV-30,348,9054,35,23,1122,393,設定1,30.0,18.7,19.3,16.1,16.0
2026-07-15,SBニューキングハナハナV-30,349,1197,7,2,753,598,設定1,42.0,19.7,15.7,11.1,11.5
2026-07-15,SBニューキングハナハナV-30,350,5123,20,10,304,512,設定1,46.0,21.3,15.9,9.6,7.3
2026-07-15,SBニューキングハナハナV-30,351,7579,27,22,579,344,設定1,27.5,17.6,18.9,16.9,19.1
2026-07-15,SBニューキングハナハナV-30,352,2585,9,7,66,369,設定1,41.0,20.0,16.3,11.4,11.2
2026-07-15,SBニューキングハナハナV-30,353,3326,10,4,-1057,831,設定1,57.8,21.4,12.3,5.5,3.0
2026-07-15,SBニューキングハナハナV-30,354,5234,19,15,485,348,設定1,32.7,18.7,17.9,14.7,16.0
2026-07-15,SBニューキングハナハナV-30,355,4347,20,11,1530,395,設定1,31.5,17.9,17.5,15.1,18.0
2026-07-15,SBニューキングハナハナV-30,356,6096,30,18,3090,338,設定V,15.3,11.6,15.8,20.3,37.1
2026-07-15,SBニューキングハナハナV-30,357,3046,11,4,-350,761,設定1,53.1,21.4,13.7,7.1,4.7
2026-07-15,SBニューキングハナハナV-30,358,6960,31,19,2311,366,設定V,21.4,14.8,17.8,19.0,27.1
2026-07-15,SBニューキングハナハナV-30,359,1750,6,1,-469,1750,設定1,54.3,21.1,13.2,6.8,4.7
2026-07-15,SBニューキングハナハナV-30,360,3193,18,1,1236,3193,設定1,52.3,21.2,13.8,7.5,5.3
2026-07-15,SBニューキングハナハナV-30,361,6583,29,11,1180,598,設定1,46.2,21.5,16.0,9.5,6.8
2026-07-15,SBニューキングハナハナV-30,362,3137,9,5,-972,627,設定1,54.5,21.5,13.3,6.6,4.1
2026-07-15,SBニューキングハナハナV-30,363,5135,15,16,-492,320,設定1,35.5,19.5,17.9,13.5,13.5
2026-07-15,SBニューキングハナハナV-30,364,3382,9,6,-1188,563,設定1,54.6,21.5,13.4,6.5,4.0
2026-07-15,SBニューキングハナハナV-30,365,6524,25,18,925,362,設定1,29.6,18.0,18.4,16.0,18.0
