日付,機種名,台番,累計ゲーム数,BIG回数,REG回数,最大放出数,推測差枚,合算確率,REG確率,最有力設定,設定1(%),設定2(%),設定3(%),設定4(%),設定5(%),設定6(%)
2026-07-21,ｷﾝｸﾞﾊﾅﾊﾅ-30,0390,4216,17,7,1560,930,175.7,602.3,設定1,52.2,21.9,14.5,7.6,2.4,1.4
2026-07-21,ｷﾝｸﾞﾊﾅﾊﾅ-30,0389,756,0,1,125,-817,756.0,756.0,設定1,53.4,21.0,13.5,7.2,2.8,2.0
2026-07-21,ｷﾝｸﾞﾊﾅﾊﾅ-30,0388,7089,21,23,1609,658,161.1,308.2,設定1,29.8,19.7,20.3,16.4,8.1,5.7
2026-07-21,ｷﾝｸﾞﾊﾅﾊﾅ-30,0387,1273,5,0,411,-35,254.6,0,設定1,55.5,21.0,12.9,6.6,2.3,1.6
2026-07-21,ｷﾝｸﾞﾊﾅﾊﾅ-30,0386,2321,10,3,577,601,178.5,773.7,設定1,51.3,21.3,14.3,8.0,3.0,2.1
2026-07-21,ｷﾝｸﾞﾊﾅﾊﾅ-30,0385,5135,25,13,2783,3055,135.1,395.0,設定1,27.9,17.6,18.5,16.7,9.7,9.6
2026-07-21,ｷﾝｸﾞﾊﾅﾊﾅ-30,0384,4726,13,20,1409,733,143.2,236.3,設定4,18.5,14.1,17.7,19.0,14.3,16.4
2026-07-21,ｷﾝｸﾞﾊﾅﾊﾅ-30,0383,1452,4,1,479,-441,290.4,1452.0,設定1,56.3,21.1,12.7,6.3,2.1,1.4
2026-07-21,ｷﾝｸﾞﾊﾅﾊﾅ-30,0382,2156,7,4,584,2,196.0,539.0,設定1,50.7,21.3,14.5,8.2,3.1,2.2
2026-07-21,ｷﾝｸﾞﾊﾅﾊﾅ-30,0381,1685,5,1,599,-421,280.8,1685.0,設定1,57.7,21.1,12.3,5.8,1.9,1.1
2026-07-21,ｷﾝｸﾞﾊﾅﾊﾅ-30,0380,3062,10,8,880,322,170.1,382.8,設定1,44.1,21.1,16.4,10.5,4.5,3.4
2026-07-21,ｷﾝｸﾞﾊﾅﾊﾅ-30,0379,1077,3,2,560,-153,215.4,538.5,設定1,49.0,20.9,14.6,8.7,3.7,3.0
2026-07-21,ｷﾝｸﾞﾊﾅﾊﾅ-30,0378,7223,26,17,999,1270,168.0,424.9,設定1,44.7,22.6,17.5,10.2,3.4,1.7
2026-07-21,ｷﾝｸﾞﾊﾅﾊﾅ-30,0377,3623,13,12,1404,1075,144.9,301.9,設定1,31.1,18.4,18.1,15.2,8.7,8.5
2026-07-21,ｷﾝｸﾞﾊﾅﾊﾅ-30,0376,7447,26,15,1455,729,181.6,496.5,設定1,54.4,22.8,14.3,6.4,1.5,0.6
2026-07-21,ｷﾝｸﾞﾊﾅﾊﾅ-30,0375,9777,47,49,6920,8782,101.8,199.5,設定6,0.0,0.0,0.1,1.4,10.2,88.3
2026-07-21,ｷﾝｸﾞﾊﾅﾊﾅ-30,0374,2956,12,6,1094,819,164.2,492.7,設定1,46.1,21.2,15.8,9.8,4.0,3.0
2026-07-21,ｷﾝｸﾞﾊﾅﾊﾅ-30,0373,9402,32,32,2400,2362,146.9,293.8,設定4,13.6,12.8,19.2,22.9,16.4,15.1
2026-07-20,ｷﾝｸﾞﾊﾅﾊﾅ-30,390,2633,16,4,1811,2212,131.7,658.2,設定1,40.3,19.9,16.5,11.9,5.9,5.5
2026-07-20,ｷﾝｸﾞﾊﾅﾊﾅ-30,389,6149,29,11,1724,2772,153.7,559.0,設定1,44.7,21.8,17.0,10.5,3.8,2.3
2026-07-20,ｷﾝｸﾞﾊﾅﾊﾅ-30,388,6482,29,21,2620,3655,129.6,308.7,設定6,12.8,11.0,16.1,20.6,17.3,22.2
2026-07-20,ｷﾝｸﾞﾊﾅﾊﾅ-30,387,2897,6,12,476,-198,160.9,241.4,設定1,33.4,19.1,17.9,14.2,8.0,7.5
2026-07-20,ｷﾝｸﾞﾊﾅﾊﾅ-30,386,2207,5,6,1037,-425,200.6,367.8,設定1,47.9,21.3,15.3,9.1,3.7,2.7
2026-07-20,ｷﾝｸﾞﾊﾅﾊﾅ-30,385,7250,37,14,4273,4278,142.2,517.9,設定1,35.1,20.3,19.1,14.5,6.4,4.6
2026-07-20,ｷﾝｸﾞﾊﾅﾊﾅ-30,384,713,1,2,267,-321,237.7,356.5,設定1,47.1,20.6,14.9,9.4,4.3,3.7
2026-07-20,ｷﾝｸﾞﾊﾅﾊﾅ-30,383,1682,8,3,1206,778,152.9,560.7,設定1,44.9,20.5,15.6,10.2,4.7,4.1
2026-07-20,ｷﾝｸﾞﾊﾅﾊﾅ-30,382,1894,5,7,963,96,157.8,270.6,設定1,38.6,19.8,16.8,12.3,6.5,6.1
2026-07-20,ｷﾝｸﾞﾊﾅﾊﾅ-30,381,76,0,0,9,-95,0.0,0.0,判定不能(G不足),46.3,20.2,14.8,9.6,4.6,4.4
2026-07-20,ｷﾝｸﾞﾊﾅﾊﾅ-30,380,10592,57,27,5407,8020,126.1,392.3,設定6,6.6,7.2,13.7,22.5,21.2,28.7
2026-07-20,ｷﾝｸﾞﾊﾅﾊﾅ-30,379,237,0,0,30,-296,0.0,0.0,判定不能(G不足),49.1,20.6,14.3,8.7,3.9,3.4
2026-07-20,ｷﾝｸﾞﾊﾅﾊﾅ-30,378,1778,8,0,928,267,222.2,0.0,設定1,57.3,21.0,12.4,6.0,2.0,1.2
2026-07-20,ｷﾝｸﾞﾊﾅﾊﾅ-30,377,6361,28,13,1920,2454,155.1,489.3,設定1,42.4,21.7,17.7,11.3,4.2,2.6
2026-07-20,ｷﾝｸﾞﾊﾅﾊﾅ-30,376,1217,4,1,678,-147,243.4,1217.0,設定1,53.0,21.1,13.7,7.4,2.8,2.1
2026-07-20,ｷﾝｸﾞﾊﾅﾊﾅ-30,375,3423,11,10,699,442,163.0,342.3,設定1,40.2,20.6,17.2,11.9,5.6,4.5
2026-07-20,ｷﾝｸﾞﾊﾅﾊﾅ-30,374,1580,5,2,431,-159,225.7,790.0,設定1,53.0,21.2,13.7,7.4,2.7,1.9
2026-07-20,ｷﾝｸﾞﾊﾅﾊﾅ-30,373,3738,13,7,619,281,186.9,534.0,設定1,52.4,21.9,14.4,7.5,2.5,1.4
2026-07-19,ｷﾝｸﾞﾊﾅﾊﾅ-30,390,4390,18,6,1000,894,182.9,731.7,設定1,56.2,21.8,13.2,6.2,1.8,0.9
2026-07-19,ｷﾝｸﾞﾊﾅﾊﾅ-30,389,2349,6,6,896,-291,195.8,391.5,設定1,48.2,21.4,15.2,9.0,3.6,2.6
2026-07-19,ｷﾝｸﾞﾊﾅﾊﾅ-30,388,1130,1,4,355,-584,226.0,282.5,設定1,46.1,20.8,15.3,9.7,4.4,3.7
2026-07-19,ｷﾝｸﾞﾊﾅﾊﾅ-30,387,2031,8,4,1025,470,169.2,507.8,設定1,46.8,20.9,15.4,9.5,4.1,3.3
2026-07-19,ｷﾝｸﾞﾊﾅﾊﾅ-30,386,3629,17,8,1409,1796,145.2,453.6,設定1,39.2,20.2,17.2,12.4,5.9,5.0
2026-07-19,ｷﾝｸﾞﾊﾅﾊﾅ-30,385,3509,15,7,1508,1192,159.5,501.3,設定1,45.3,21.2,16.1,10.1,4.2,3.1
2026-07-19,ｷﾝｸﾞﾊﾅﾊﾅ-30,384,5771,35,13,3695,5378,120.2,443.9,設定4,18.1,13.3,17.0,19.3,14.2,18.1
2026-07-19,ｷﾝｸﾞﾊﾅﾊﾅ-30,383,1153,3,2,365,-248,230.6,576.5,設定1,50.2,21.0,14.4,8.3,3.4,2.7
2026-07-19,ｷﾝｸﾞﾊﾅﾊﾅ-30,382,5891,25,19,2404,2887,133.9,310.1,設定4,17.6,13.6,17.7,19.8,14.6,16.8
2026-07-19,ｷﾝｸﾞﾊﾅﾊﾅ-30,381,776,3,2,834,223,155.2,388.0,設定1,43.9,20.1,15.5,10.4,5.1,4.9
2026-07-19,ｷﾝｸﾞﾊﾅﾊﾅ-30,380,2296,11,1,1137,684,191.3,2296.0,設定1,56.0,21.2,12.9,6.5,2.1,1.3
2026-07-19,ｷﾝｸﾞﾊﾅﾊﾅ-30,379,8188,42,16,3732,4923,141.2,511.8,設定1,32.6,19.9,19.8,15.7,7.0,5.0
2026-07-19,ｷﾝｸﾞﾊﾅﾊﾅ-30,378,2758,16,4,1903,2055,137.9,689.5,設定1,42.5,20.3,16.3,11.2,5.2,4.5
2026-07-19,ｷﾝｸﾞﾊﾅﾊﾅ-30,377,2777,10,4,882,160,198.4,694.2,設定1,54.3,21.5,13.6,6.9,2.3,1.4
2026-07-19,ｷﾝｸﾞﾊﾅﾊﾅ-30,376,1599,6,2,774,128,199.9,799.5,設定1,51.4,21.1,14.2,8.0,3.1,2.3
2026-07-19,ｷﾝｸﾞﾊﾅﾊﾅ-30,375,6431,24,16,1370,1509,160.8,401.9,設定1,40.0,21.6,18.4,12.2,4.8,3.0
2026-07-19,ｷﾝｸﾞﾊﾅﾊﾅ-30,374,1444,5,4,726,270,160.4,361.0,設定1,43.1,20.3,15.9,10.8,5.2,4.7
2026-07-19,ｷﾝｸﾞﾊﾅﾊﾅ-30,373,3722,11,8,611,-192,195.9,465.2,設定1,52.3,21.9,14.4,7.5,2.5,1.4
2026-07-18,ｷﾝｸﾞﾊﾅﾊﾅ-30,390,2737,8,5,673,-283,210.5,547.4,設定1,53.9,21.6,13.7,7.0,2.3,1.4
2026-07-18,ｷﾝｸﾞﾊﾅﾊﾅ-30,389,2118,5,4,503,-574,235.3,529.5,設定1,53.8,21.5,13.7,7.1,2.5,1.6
2026-07-18,ｷﾝｸﾞﾊﾅﾊﾅ-30,388,5097,25,10,1994,2712,145.6,509.7,設定1,39.5,20.7,17.7,12.5,5.5,4.2
2026-07-18,ｷﾝｸﾞﾊﾅﾊﾅ-30,387,3129,10,8,1348,238,173.8,391.1,設定1,45.2,21.3,16.2,10.1,4.2,3.1
2026-07-18,ｷﾝｸﾞﾊﾅﾊﾅ-30,386,8442,34,24,1866,3149,145.6,351.8,設定1,22.4,16.9,20.4,19.8,11.3,9.2
2026-07-18,ｷﾝｸﾞﾊﾅﾊﾅ-30,385,3399,10,9,1404,30,178.9,377.7,設定1,45.7,21.5,16.2,9.9,4.0,2.8
2026-07-18,ｷﾝｸﾞﾊﾅﾊﾅ-30,384,3580,18,6,1904,1909,149.2,596.7,設定1,44.3,21.0,16.3,10.6,4.5,3.4
2026-07-18,ｷﾝｸﾞﾊﾅﾊﾅ-30,383,3485,10,8,744,-207,193.6,435.6,設定1,50.7,21.9,14.9,8.1,2.8,1.7
2026-07-18,ｷﾝｸﾞﾊﾅﾊﾅ-30,382,1297,3,2,299,-429,259.4,648.5,設定1,52.4,21.2,13.9,7.6,2.9,2.1
2026-07-18,ｷﾝｸﾞﾊﾅﾊﾅ-30,381,4545,20,9,1268,1714,156.7,505.0,設定1,44.4,21.4,16.6,10.5,4.2,2.9
2026-07-18,ｷﾝｸﾞﾊﾅﾊﾅ-30,380,4032,15,6,1102,407,192.0,672.0,設定1,56.3,21.8,13.1,6.1,1.8,0.9
2026-07-18,ｷﾝｸﾞﾊﾅﾊﾅ-30,379,2738,5,7,425,-961,228.2,391.1,設定1,52.3,21.8,14.3,7.5,2.6,1.6
2026-07-18,ｷﾝｸﾞﾊﾅﾊﾅ-30,378,3272,11,7,848,241,181.8,467.4,設定1,49.3,21.6,15.2,8.6,3.2,2.1
2026-07-18,ｷﾝｸﾞﾊﾅﾊﾅ-30,377,1455,4,1,532,-445,291.0,1455.0,設定1,56.3,21.1,12.7,6.3,2.1,1.4
2026-07-18,ｷﾝｸﾞﾊﾅﾊﾅ-30,376,4067,16,7,1247,805,176.8,581.0,設定1,51.9,21.9,14.6,7.7,2.5,1.5
2026-07-18,ｷﾝｸﾞﾊﾅﾊﾅ-30,375,9616,43,24,2770,4485,143.5,400.7,設定1,23.6,17.5,21.0,19.8,10.3,7.8
2026-07-18,ｷﾝｸﾞﾊﾅﾊﾅ-30,374,6568,25,13,1768,1259,172.8,505.2,設定1,50.9,22.6,15.4,7.8,2.3,1.1
2026-07-18,ｷﾝｸﾞﾊﾅﾊﾅ-30,373,5978,21,11,1164,490,186.8,543.5,設定1,56.1,22.3,13.5,6.0,1.5,0.6
2026-07-17,ｷﾝｸﾞﾊﾅﾊﾅ-30,390,3673,13,7,1435,363,183.7,524.7,設定1,51.5,21.8,14.6,7.8,2.6,1.6
2026-07-17,ｷﾝｸﾞﾊﾅﾊﾅ-30,389,726,2,1,431,-155,242.0,726.0,設定1,49.2,20.7,14.5,8.7,3.8,3.2
2026-07-17,ｷﾝｸﾞﾊﾅﾊﾅ-30,388,1165,3,1,483,-393,291.2,1165.0,設定1,54.0,21.1,13.4,7.1,2.6,1.9
2026-07-17,ｷﾝｸﾞﾊﾅﾊﾅ-30,387,836,1,3,323,-345,209.0,278.7,設定1,45.1,20.5,15.4,10.0,4.7,4.3
2026-07-17,ｷﾝｸﾞﾊﾅﾊﾅ-30,386,1822,5,6,683,56,165.6,303.7,設定1,41.5,20.3,16.4,11.3,5.6,5.0
2026-07-17,ｷﾝｸﾞﾊﾅﾊﾅ-30,385,548,1,1,275,-244,274.0,548.0,設定1,48.3,20.6,14.6,9.0,4.0,3.5
2026-07-17,ｷﾝｸﾞﾊﾅﾊﾅ-30,384,1392,5,2,483,75,198.9,696.0,設定1,50.1,21.0,14.4,8.4,3.4,2.7
2026-07-17,ｷﾝｸﾞﾊﾅﾊﾅ-30,383,4666,21,12,1810,2264,141.4,388.8,設定1,32.3,18.9,18.4,15.1,8.0,7.3
2026-07-17,ｷﾝｸﾞﾊﾅﾊﾅ-30,382,1169,7,2,1398,979,129.9,584.5,設定1,42.2,19.9,15.8,11.1,5.6,5.5
2026-07-17,ｷﾝｸﾞﾊﾅﾊﾅ-30,381,4798,22,7,1286,1761,165.4,685.4,設定1,51.7,21.9,14.7,7.8,2.5,1.4
2026-07-17,ｷﾝｸﾞﾊﾅﾊﾅ-30,380,840,1,2,266,-480,280.0,420.0,設定1,49.2,20.9,14.6,8.7,3.7,3.0
2026-07-17,ｷﾝｸﾞﾊﾅﾊﾅ-30,379,1567,4,4,760,-195,195.9,391.8,設定1,47.3,21.0,15.2,9.3,4.0,3.2
2026-07-17,ｷﾝｸﾞﾊﾅﾊﾅ-30,378,1213,7,0,1218,663,173.3,0.0,設定1,50.9,20.8,14.1,8.2,3.3,2.6
2026-07-17,ｷﾝｸﾞﾊﾅﾊﾅ-30,377,1740,5,1,490,-490,290.0,1740.0,設定1,58.4,21.1,12.1,5.6,1.7,1.0
2026-07-17,ｷﾝｸﾞﾊﾅﾊﾅ-30,376,3421,9,10,797,-178,180.1,342.1,設定1,44.2,21.4,16.5,10.4,4.3,3.1
2026-07-17,ｷﾝｸﾞﾊﾅﾊﾅ-30,375,1374,4,2,888,-213,229.0,687.0,設定1,51.7,21.1,14.0,7.8,3.0,2.3
2026-07-17,ｷﾝｸﾞﾊﾅﾊﾅ-30,374,1664,4,4,757,-317,208.0,416.0,設定1,48.8,21.1,14.9,8.8,3.6,2.8
2026-07-17,ｷﾝｸﾞﾊﾅﾊﾅ-30,373,2981,11,5,1017,346,186.3,596.2,設定1,52.1,21.6,14.3,7.7,2.7,1.7
2026-07-16,ｷﾝｸﾞﾊﾅﾊﾅ-30,0390,3287,12,8,1008,664,164.3,410.9,設定1,43.8,21.1,16.5,10.6,4.6,3.5
2026-07-16,ｷﾝｸﾞﾊﾅﾊﾅ-30,0389,8411,30,24,1897,1939,155.8,350.5,設定1,29.6,19.9,20.8,16.8,7.8,5.1
2026-07-16,ｷﾝｸﾞﾊﾅﾊﾅ-30,0388,1712,4,3,270,-507,244.6,570.7,設定1,53.2,21.3,13.7,7.3,2.7,1.8
2026-07-16,ｷﾝｸﾞﾊﾅﾊﾅ-30,0387,2698,12,1,550,493,207.5,2698.0,設定1,59.6,21.1,11.8,5.3,1.5,0.8
2026-07-16,ｷﾝｸﾞﾊﾅﾊﾅ-30,0386,4183,16,11,1243,1180,154.9,380.3,設定1,38.7,20.5,17.7,12.6,5.9,4.7
2026-07-16,ｷﾝｸﾞﾊﾅﾊﾅ-30,0385,8308,40,27,3816,5578,124.0,307.7,設定6,4.9,5.5,11.0,19.5,22.3,36.7
2026-07-16,ｷﾝｸﾞﾊﾅﾊﾅ-30,0384,4620,20,9,1744,1620,159.3,513.3,設定1,45.6,21.6,16.4,10.1,3.8,2.6
2026-07-16,ｷﾝｸﾞﾊﾅﾊﾅ-30,0383,7802,31,24,2398,3015,141.9,325.1,設定4,18.3,14.7,19.3,20.8,13.8,13.2
2026-07-16,ｷﾝｸﾞﾊﾅﾊﾅ-30,0382,1436,8,1,803,826,159.6,1436.0,設定1,48.7,20.8,14.7,8.9,3.8,3.1
2026-07-16,ｷﾝｸﾞﾊﾅﾊﾅ-30,0381,1003,3,1,473,-190,250.8,1003.0,設定1,51.6,21.0,14.0,7.9,3.1,2.4
2026-07-16,ｷﾝｸﾞﾊﾅﾊﾅ-30,0380,7598,29,27,2485,3036,135.7,281.4,設定6,10.1,9.7,15.7,21.5,19.2,23.9
2026-07-16,ｷﾝｸﾞﾊﾅﾊﾅ-30,0379,2230,8,5,899,351,171.5,446.0,設定1,46.2,21.0,15.6,9.7,4.2,3.3
2026-07-16,ｷﾝｸﾞﾊﾅﾊﾅ-30,0378,4280,19,8,1569,1604,158.5,535.0,設定1,45.9,21.5,16.2,9.9,3.8,2.6
2026-07-16,ｷﾝｸﾞﾊﾅﾊﾅ-30,0377,1524,3,5,363,-323,190.5,304.8,設定1,44.6,20.7,15.7,10.2,4.7,4.0
2026-07-16,ｷﾝｸﾞﾊﾅﾊﾅ-30,0376,2276,6,5,582,-330,206.9,455.2,設定1,50.8,21.5,14.6,8.1,3.0,2.1
2026-07-16,ｷﾝｸﾞﾊﾅﾊﾅ-30,0375,1028,4,0,515,-40,257.0,0,設定1,53.7,21.0,13.4,7.2,2.7,2.0
2026-07-16,ｷﾝｸﾞﾊﾅﾊﾅ-30,0374,4864,21,10,1436,1756,156.9,486.4,設定1,43.7,21.4,16.9,10.8,4.3,2.9
2026-07-16,ｷﾝｸﾞﾊﾅﾊﾅ-30,0373,5965,20,16,1578,845,165.7,372.8,設定1,40.4,21.7,18.2,11.9,4.8,3.0
2026-07-15,ｷﾝｸﾞﾊﾅﾊﾅ-30,390,3287,12,8,1008,664,164.3,410.9,設定1,43.8,21.1,16.5,10.6,4.6,3.5
2026-07-15,ｷﾝｸﾞﾊﾅﾊﾅ-30,389,8411,30,24,1897,1939,155.8,350.5,設定1,29.6,19.9,20.8,16.8,7.8,5.1
2026-07-15,ｷﾝｸﾞﾊﾅﾊﾅ-30,388,1712,4,3,270,-507,244.6,570.7,設定1,53.2,21.3,13.7,7.3,2.7,1.8
2026-07-15,ｷﾝｸﾞﾊﾅﾊﾅ-30,387,2698,12,1,550,493,207.5,2698.0,設定1,59.6,21.1,11.8,5.3,1.5,0.8
2026-07-15,ｷﾝｸﾞﾊﾅﾊﾅ-30,386,4183,16,11,1243,1180,154.9,380.3,設定1,38.7,20.5,17.7,12.6,5.9,4.7
2026-07-15,ｷﾝｸﾞﾊﾅﾊﾅ-30,385,8308,40,27,3816,5578,124.0,307.7,設定6,4.9,5.5,11.0,19.5,22.3,36.7
2026-07-15,ｷﾝｸﾞﾊﾅﾊﾅ-30,384,4620,20,9,1744,1620,159.3,513.3,設定1,45.6,21.6,16.4,10.1,3.8,2.6
2026-07-15,ｷﾝｸﾞﾊﾅﾊﾅ-30,383,7802,31,24,2398,3015,141.9,325.1,設定4,18.3,14.7,19.3,20.8,13.8,13.2
2026-07-15,ｷﾝｸﾞﾊﾅﾊﾅ-30,382,1436,8,1,803,826,159.6,1436.0,設定1,48.7,20.8,14.7,8.9,3.8,3.1
2026-07-15,ｷﾝｸﾞﾊﾅﾊﾅ-30,381,1003,3,1,473,-190,250.8,1003.0,設定1,51.6,21.0,14.0,7.9,3.1,2.4
2026-07-15,ｷﾝｸﾞﾊﾅﾊﾅ-30,380,7598,29,27,2485,3036,135.7,281.4,設定6,10.1,9.7,15.7,21.5,19.2,23.9
2026-07-15,ｷﾝｸﾞﾊﾅﾊﾅ-30,379,2230,8,5,899,351,171.5,446.0,設定1,46.2,21.0,15.6,9.7,4.2,3.3
2026-07-15,ｷﾝｸﾞﾊﾅﾊﾅ-30,378,4280,19,8,1569,1604,158.5,535.0,設定1,45.9,21.5,16.2,9.9,3.8,2.6
2026-07-15,ｷﾝｸﾞﾊﾅﾊﾅ-30,377,1524,3,5,363,-323,190.5,304.8,設定1,44.6,20.7,15.7,10.2,4.7,4.0
2026-07-15,ｷﾝｸﾞﾊﾅﾊﾅ-30,376,2276,6,5,582,-330,206.9,455.2,設定1,50.8,21.5,14.6,8.1,3.0,2.1
2026-07-15,ｷﾝｸﾞﾊﾅﾊﾅ-30,375,1028,4,0,515,-40,257.0,0.0,設定1,53.7,21.0,13.4,7.2,2.7,2.0
2026-07-15,ｷﾝｸﾞﾊﾅﾊﾅ-30,374,4864,21,10,1436,1756,156.9,486.4,設定1,43.7,21.4,16.9,10.8,4.3,2.9
2026-07-15,ｷﾝｸﾞﾊﾅﾊﾅ-30,373,5965,20,16,1578,845,165.7,372.8,設定1,40.4,21.7,18.2,11.9,4.8,3.0
2026-07-14,ｷﾝｸﾞﾊﾅﾊﾅ-30,390,1354,4,2,472,-188,225.7,677.0,設定1,51.4,21.1,14.1,7.9,3.1,2.3
2026-07-14,ｷﾝｸﾞﾊﾅﾊﾅ-30,389,3413,11,9,748,325,170.7,379.2,設定1,44.0,21.2,16.5,10.5,4.5,3.3
2026-07-14,ｷﾝｸﾞﾊﾅﾊﾅ-30,388,1520,4,4,585,-136,190.0,380.0,設定1,46.5,20.8,15.3,9.6,4.2,3.5
2026-07-14,ｷﾝｸﾞﾊﾅﾊﾅ-30,387,3650,10,10,1444,-153,182.5,365.0,設定1,45.9,21.7,16.2,9.8,3.9,2.6
2026-07-14,ｷﾝｸﾞﾊﾅﾊﾅ-30,386,893,3,0,521,-183,297.7,0.0,設定1,53.5,21.0,13.4,7.3,2.8,2.1
2026-07-14,ｷﾝｸﾞﾊﾅﾊﾅ-30,385,1521,7,2,521,537,169.0,760.5,設定1,48.3,20.8,14.9,9.1,3.8,3.2
2026-07-14,ｷﾝｸﾞﾊﾅﾊﾅ-30,384,2663,12,9,1726,1576,126.8,295.9,設定1,28.4,17.0,17.3,15.6,10.1,11.6
2026-07-14,ｷﾝｸﾞﾊﾅﾊﾅ-30,383,661,1,0,261,-516,661.0,0.0,設定1,53.8,20.9,13.3,7.2,2.7,2.1
2026-07-14,ｷﾝｸﾞﾊﾅﾊﾅ-30,382,2902,11,10,1198,1095,138.2,290.2,設定1,30.8,18.0,17.6,15.0,9.0,9.5
2026-07-14,ｷﾝｸﾞﾊﾅﾊﾅ-30,381,907,1,2,265,-564,302.3,453.5,設定1,50.2,21.0,14.3,8.3,3.4,2.7
2026-07-14,ｷﾝｸﾞﾊﾅﾊﾅ-30,380,1617,5,1,807,-336,269.5,1617.0,設定1,56.8,21.1,12.6,6.1,2.0,1.3
2026-07-14,ｷﾝｸﾞﾊﾅﾊﾅ-30,379,1657,6,3,751,185,184.1,552.3,設定1,48.6,21.0,14.9,8.9,3.7,2.9
2026-07-14,ｷﾝｸﾞﾊﾅﾊﾅ-30,378,3673,24,16,3647,4965,91.8,229.6,設定6,3.2,3.4,6.7,13.3,20.3,53.2
2026-07-14,ｷﾝｸﾞﾊﾅﾊﾅ-30,377,679,0,3,158,-460,226.3,226.3,設定1,44.5,20.4,15.4,10.2,4.9,4.6
2026-07-14,ｷﾝｸﾞﾊﾅﾊﾅ-30,376,2865,9,6,581,-2,191.0,477.5,設定1,50.5,21.6,14.8,8.2,3.0,2.0
2026-07-14,ｷﾝｸﾞﾊﾅﾊﾅ-30,375,1532,4,2,629,-411,255.3,766.0,設定1,54.0,21.2,13.4,7.0,2.5,1.7
2026-07-14,ｷﾝｸﾞﾊﾅﾊﾅ-30,374,368,0,0,22,-461,0.0,0.0,判定不能(G不足),51.2,20.8,13.9,8.0,3.3,2.8
2026-07-14,ｷﾝｸﾞﾊﾅﾊﾅ-30,373,5549,29,9,2533,3264,146.0,616.6,設定1,42.7,21.2,17.2,11.3,4.5,3.1
2026-07-13,ｷﾝｸﾞﾊﾅﾊﾅ-30,390,8458,37,16,2661,3025,159.6,528.6,設定1,46.4,22.7,17.1,9.6,2.8,1.3
2026-07-13,ｷﾝｸﾞﾊﾅﾊﾅ-30,389,2133,7,3,908,-98,213.3,711.0,設定1,53.9,21.4,13.6,7.1,2.5,1.6
2026-07-13,ｷﾝｸﾞﾊﾅﾊﾅ-30,388,3347,14,7,995,1083,159.4,478.1,設定1,44.6,21.1,16.2,10.4,4.4,3.3
2026-07-13,ｷﾝｸﾞﾊﾅﾊﾅ-30,387,3939,19,7,2124,1901,151.5,562.7,設定1,44.3,21.1,16.4,10.6,4.4,3.3
2026-07-13,ｷﾝｸﾞﾊﾅﾊﾅ-30,386,3284,14,6,1182,1032,164.2,547.3,設定1,47.4,21.4,15.6,9.4,3.7,2.6
2026-07-13,ｷﾝｸﾞﾊﾅﾊﾅ-30,385,1321,3,3,368,-329,220.2,440.3,設定1,49.1,21.0,14.7,8.7,3.6,2.9
2026-07-13,ｷﾝｸﾞﾊﾅﾊﾅ-30,384,2214,3,2,359,-1578,442.8,1107.0,設定1,64.0,20.6,10.2,3.9,0.9,0.4
2026-07-13,ｷﾝｸﾞﾊﾅﾊﾅ-30,383,3438,13,7,898,657,171.9,491.1,設定1,48.0,21.5,15.5,9.1,3.5,2.4
2026-07-13,ｷﾝｸﾞﾊﾅﾊﾅ-30,382,1619,5,4,696,51,179.9,404.8,設定1,46.1,20.8,15.4,9.7,4.3,3.6
2026-07-13,ｷﾝｸﾞﾊﾅﾊﾅ-30,381,4844,16,12,1565,481,173.0,403.7,設定1,45.5,21.9,16.6,9.9,3.7,2.3
2026-07-13,ｷﾝｸﾞﾊﾅﾊﾅ-30,380,2005,6,1,504,-510,286.4,2005.0,設定1,60.2,21.0,11.5,5.1,1.4,0.8
2026-07-13,ｷﾝｸﾞﾊﾅﾊﾅ-30,379,2427,6,5,489,-519,220.6,485.4,設定1,53.0,21.6,14.0,7.3,2.6,1.6
2026-07-13,ｷﾝｸﾞﾊﾅﾊﾅ-30,378,3035,7,7,746,-709,216.8,433.6,設定1,53.0,21.8,14.1,7.2,2.4,1.4
2026-07-13,ｷﾝｸﾞﾊﾅﾊﾅ-30,377,7107,22,25,1290,1207,151.2,284.3,設定1,20.8,16.0,19.8,19.8,12.5,11.1
2026-07-13,ｷﾝｸﾞﾊﾅﾊﾅ-30,376,3473,10,11,1094,197,165.4,315.7,設定1,39.1,20.5,17.5,12.3,5.9,4.7
2026-07-13,ｷﾝｸﾞﾊﾅﾊﾅ-30,375,6006,25,9,2042,1443,176.6,667.3,設定1,56.3,22.1,13.3,6.0,1.5,0.7
2026-07-13,ｷﾝｸﾞﾊﾅﾊﾅ-30,374,5728,14,19,1140,-339,173.6,301.5,設定1,37.0,21.2,19.0,13.2,5.8,3.8
2026-07-13,ｷﾝｸﾞﾊﾅﾊﾅ-30,373,2675,5,4,612,-1272,297.2,668.8,設定1,60.9,21.2,11.4,4.7,1.2,0.6
2026-07-12,ｷﾝｸﾞﾊﾅﾊﾅ-30,390,7696,35,25,2594,4525,128.3,307.8,設定6,8.3,8.2,14.1,21.0,20.2,28.3
2026-07-12,ｷﾝｸﾞﾊﾅﾊﾅ-30,389,1405,5,2,675,59,200.7,702.5,設定1,50.3,21.0,14.4,8.3,3.4,2.6
2026-07-12,ｷﾝｸﾞﾊﾅﾊﾅ-30,388,5175,23,17,2994,2901,129.4,304.4,設定4,17.3,13.2,17.0,19.3,14.8,18.4
2026-07-12,ｷﾝｸﾞﾊﾅﾊﾅ-30,387,2617,8,8,928,256,163.6,327.1,設定1,40.7,20.4,16.8,11.7,5.6,4.8
2026-07-12,ｷﾝｸﾞﾊﾅﾊﾅ-30,386,2944,7,7,901,-595,210.3,420.6,設定1,51.7,21.8,14.5,7.7,2.7,1.7
2026-07-12,ｷﾝｸﾞﾊﾅﾊﾅ-30,385,2143,8,2,729,70,214.3,1071.5,設定1,55.7,21.3,13.0,6.5,2.1,1.4
2026-07-12,ｷﾝｸﾞﾊﾅﾊﾅ-30,384,2598,10,7,727,774,152.8,371.1,設定1,40.2,20.2,16.8,11.9,5.8,5.1
2026-07-12,ｷﾝｸﾞﾊﾅﾊﾅ-30,383,5182,13,18,1019,-97,167.2,287.9,設定1,33.9,20.2,19.1,14.4,7.1,5.3
2026-07-12,ｷﾝｸﾞﾊﾅﾊﾅ-30,382,1743,5,2,781,-364,249.0,871.5,設定1,55.3,21.3,13.1,6.6,2.3,1.5
2026-07-12,ｷﾝｸﾞﾊﾅﾊﾅ-30,381,2860,9,12,1153,784,136.2,238.3,設定1,26.0,16.5,17.5,16.3,11.0,12.6
2026-07-12,ｷﾝｸﾞﾊﾅﾊﾅ-30,380,6626,24,18,1550,1524,157.8,368.1,設定1,35.5,20.8,19.3,14.1,6.2,4.2
2026-07-12,ｷﾝｸﾞﾊﾅﾊﾅ-30,379,1419,2,3,356,-764,283.8,473.0,設定1,52.5,21.3,13.9,7.5,2.8,2.0
2026-07-12,ｷﾝｸﾞﾊﾅﾊﾅ-30,378,1800,4,2,383,-747,300.0,900.0,設定1,57.7,21.2,12.4,5.8,1.8,1.1
2026-07-12,ｷﾝｸﾞﾊﾅﾊﾅ-30,377,8220,33,27,2553,3505,137.0,304.4,設定4,11.6,10.9,16.9,22.1,18.0,20.5
2026-07-12,ｷﾝｸﾞﾊﾅﾊﾅ-30,376,3178,18,5,2061,2283,138.2,635.6,設定1,41.5,20.3,16.6,11.6,5.4,4.7
2026-07-12,ｷﾝｸﾞﾊﾅﾊﾅ-30,375,2401,9,5,766,449,171.5,480.2,設定1,47.0,21.1,15.5,9.5,3.9,3.0
2026-07-12,ｷﾝｸﾞﾊﾅﾊﾅ-30,374,3864,11,11,897,19,175.6,351.3,設定1,43.6,21.4,16.8,10.7,4.4,3.1
2026-07-12,ｷﾝｸﾞﾊﾅﾊﾅ-30,373,4790,16,4,1045,-490,239.5,1197.5,設定1,68.4,19.9,8.5,2.6,0.4,0.1
2026-07-11,ｷﾝｸﾞﾊﾅﾊﾅ-30,390,2458,13,1,887,1105,175.6,2458.0,設定1,54.8,21.2,13.3,6.9,2.3,1.5
2026-07-11,ｷﾝｸﾞﾊﾅﾊﾅ-30,389,7531,32,22,2708,3406,139.5,342.3,設定4,19.2,15.0,19.2,20.4,13.3,12.9
2026-07-11,ｷﾝｸﾞﾊﾅﾊﾅ-30,388,908,1,2,335,-565,302.7,454.0,設定1,50.2,21.0,14.3,8.3,3.4,2.7
2026-07-11,ｷﾝｸﾞﾊﾅﾊﾅ-30,387,3952,12,8,934,-168,197.6,494.0,設定1,53.8,22.0,14.0,6.9,2.2,1.2
2026-07-11,ｷﾝｸﾞﾊﾅﾊﾅ-30,386,3917,16,8,1320,1123,163.2,489.6,設定1,46.0,21.5,16.1,9.9,3.9,2.7
2026-07-11,ｷﾝｸﾞﾊﾅﾊﾅ-30,385,5332,16,19,1187,780,152.3,280.6,設定1,26.2,17.6,19.2,17.3,10.3,9.3
2026-07-11,ｷﾝｸﾞﾊﾅﾊﾅ-30,384,2421,9,5,684,424,172.9,484.2,設定1,47.3,21.1,15.4,9.4,3.9,2.9
2026-07-11,ｷﾝｸﾞﾊﾅﾊﾅ-30,383,1991,4,7,617,-336,181.0,284.4,設定1,42.4,20.6,16.3,11.0,5.2,4.4
2026-07-11,ｷﾝｸﾞﾊﾅﾊﾅ-30,382,2846,11,5,1687,515,177.9,569.2,設定1,50.1,21.5,14.8,8.4,3.1,2.1
2026-07-11,ｷﾝｸﾞﾊﾅﾊﾅ-30,381,2813,10,5,628,244,187.5,562.6,設定1,51.4,21.5,14.5,7.9,2.8,1.9
2026-07-11,ｷﾝｸﾞﾊﾅﾊﾅ-30,380,1573,2,1,451,-1217,524.3,1573.0,設定1,60.9,20.9,11.2,4.8,1.4,0.7
2026-07-11,ｷﾝｸﾞﾊﾅﾊﾅ-30,379,4879,16,15,1596,827,157.4,325.3,設定1,34.5,20.0,18.7,14.2,7.1,5.6
2026-07-11,ｷﾝｸﾞﾊﾅﾊﾅ-30,378,1361,2,4,378,-561,226.8,340.2,設定1,47.9,21.0,15.0,9.1,3.9,3.1
2026-07-11,ｷﾝｸﾞﾊﾅﾊﾅ-30,377,3012,9,11,1242,463,150.6,273.8,設定1,33.0,18.9,17.8,14.3,8.1,7.9
2026-07-11,ｷﾝｸﾞﾊﾅﾊﾅ-30,376,6539,26,16,2842,1997,155.7,408.7,設定1,37.8,21.1,18.8,13.2,5.5,3.6
2026-07-11,ｷﾝｸﾞﾊﾅﾊﾅ-30,375,1840,5,3,734,-355,230.0,613.3,設定1,53.2,21.3,13.7,7.3,2.6,1.8
2026-07-11,ｷﾝｸﾞﾊﾅﾊﾅ-30,374,8477,46,22,4930,6589,124.7,385.3,設定6,9.6,9.1,15.0,21.6,19.0,25.7
2026-07-11,ｷﾝｸﾞﾊﾅﾊﾅ-30,373,3538,9,8,653,-585,208.1,442.2,設定1,53.2,22.0,14.1,7.1,2.3,1.3
2026-07-10,ｷﾝｸﾞﾊﾅﾊﾅ-30,390,2031,8,3,707,340,184.6,677.0,設定1,50.6,21.2,14.5,8.2,3.2,2.3
2026-07-10,ｷﾝｸﾞﾊﾅﾊﾅ-30,389,1152,3,1,269,-377,288.0,1152.0,設定1,53.8,21.1,13.4,7.1,2.6,1.9
2026-07-10,ｷﾝｸﾞﾊﾅﾊﾅ-30,388,5260,17,20,1651,1312,142.2,263.0,設定1,19.3,14.5,18.1,19.2,13.8,15.1
2026-07-10,ｷﾝｸﾞﾊﾅﾊﾅ-30,387,4555,19,9,1591,1389,162.7,506.1,設定1,46.5,21.7,16.2,9.7,3.6,2.3
2026-07-10,ｷﾝｸﾞﾊﾅﾊﾅ-30,386,1304,4,2,418,-126,217.3,652.0,設定1,50.7,21.0,14.3,8.2,3.3,2.5
2026-07-10,ｷﾝｸﾞﾊﾅﾊﾅ-30,385,152,0,0,16,-190,0.0,0.0,判定不能(G不足),47.6,20.4,14.6,9.2,4.3,3.9
2026-07-10,ｷﾝｸﾞﾊﾅﾊﾅ-30,384,8260,43,21,4348,5795,129.1,393.3,設定4,13.9,11.9,17.3,21.7,16.3,18.9
2026-07-10,ｷﾝｸﾞﾊﾅﾊﾅ-30,383,1650,5,4,566,12,183.3,412.5,設定1,46.6,20.9,15.3,9.6,4.2,3.4
2026-07-10,ｷﾝｸﾞﾊﾅﾊﾅ-30,382,1113,2,3,406,-380,222.6,371.0,設定1,47.7,20.9,15.0,9.1,4.0,3.3
2026-07-10,ｷﾝｸﾞﾊﾅﾊﾅ-30,381,8779,41,18,3198,4130,148.8,487.7,設定1,36.5,21.3,19.6,14.0,5.4,3.2
2026-07-10,ｷﾝｸﾞﾊﾅﾊﾅ-30,380,2551,12,6,1298,1327,141.7,425.2,設定1,39.2,19.9,16.8,12.2,6.2,5.7
2026-07-10,ｷﾝｸﾞﾊﾅﾊﾅ-30,379,2703,11,2,1176,304,207.9,1351.5,設定1,58.1,21.2,12.3,5.7,1.7,0.9
2026-07-10,ｷﾝｸﾞﾊﾅﾊﾅ-30,378,4850,20,11,1762,1592,156.5,440.9,設定1,41.6,21.2,17.4,11.6,4.8,3.4
2026-07-10,ｷﾝｸﾞﾊﾅﾊﾅ-30,377,1463,7,1,586,480,182.9,1463.0,設定1,51.1,21.0,14.2,8.1,3.2,2.5
2026-07-10,ｷﾝｸﾞﾊﾅﾊﾅ-30,376,2593,11,5,610,832,162.1,518.6,設定1,46.1,21.0,15.7,9.8,4.1,3.2
2026-07-10,ｷﾝｸﾞﾊﾅﾊﾅ-30,375,4250,18,10,1512,1590,151.8,425.0,設定1,39.6,20.6,17.5,12.3,5.6,4.4
2026-07-10,ｷﾝｸﾞﾊﾅﾊﾅ-30,374,3622,10,9,851,-248,190.6,402.4,設定1,49.1,21.9,15.4,8.6,3.1,1.9
2026-07-10,ｷﾝｸﾞﾊﾅﾊﾅ-30,373,7832,31,17,1268,2067,163.2,460.7,設定1,44.6,22.6,17.6,10.3,3.3,1.6
2026-07-09,ｷﾝｸﾞﾊﾅﾊﾅ-30,390,3367,12,6,864,304,187.1,561.2,設定1,52.4,21.7,14.3,7.5,2.5,1.5
2026-07-09,ｷﾝｸﾞﾊﾅﾊﾅ-30,389,2332,10,2,843,457,194.3,1166.0,設定1,54.9,21.3,13.3,6.8,2.3,1.5
2026-07-09,ｷﾝｸﾞﾊﾅﾊﾅ-30,388,1710,8,1,798,483,190.0,1710.0,設定1,53.0,21.1,13.7,7.5,2.8,2.0
2026-07-09,ｷﾝｸﾞﾊﾅﾊﾅ-30,387,771,0,3,194,-576,257.0,257.0,設定1,46.1,20.6,15.2,9.7,4.5,3.9
2026-07-09,ｷﾝｸﾞﾊﾅﾊﾅ-30,386,1766,10,3,882,1296,135.8,588.7,設定1,42.1,20.0,16.0,11.2,5.5,5.2
2026-07-09,ｷﾝｸﾞﾊﾅﾊﾅ-30,385,5794,26,15,2108,2801,141.3,386.3,設定1,29.2,18.4,19.0,16.5,9.0,8.0
2026-07-09,ｷﾝｸﾞﾊﾅﾊﾅ-30,384,801,3,1,298,62,200.2,801.0,設定1,48.4,20.7,14.6,9.0,3.9,3.4
2026-07-09,ｷﾝｸﾞﾊﾅﾊﾅ-30,383,1775,6,3,583,37,197.2,591.7,設定1,50.4,21.2,14.5,8.3,3.2,2.4
2026-07-09,ｷﾝｸﾞﾊﾅﾊﾅ-30,382,2641,13,12,1915,2306,105.6,220.1,設定6,14.2,10.7,14.2,17.6,16.4,26.8
2026-07-09,ｷﾝｸﾞﾊﾅﾊﾅ-30,381,4208,17,14,1741,1850,135.7,300.6,設定1,24.6,16.3,18.0,17.3,11.4,12.4
2026-07-09,ｷﾝｸﾞﾊﾅﾊﾅ-30,380,972,3,2,624,-22,194.4,486.0,設定1,47.3,20.7,15.0,9.3,4.2,3.6
2026-07-09,ｷﾝｸﾞﾊﾅﾊﾅ-30,379,313,1,0,265,-80,313.0,0.0,判定不能(G不足),48.3,20.5,14.5,9.0,4.1,3.7
2026-07-09,ｷﾝｸﾞﾊﾅﾊﾅ-30,378,3932,15,11,1375,1182,151.2,357.5,設定1,36.4,19.9,17.9,13.4,6.7,5.7
2026-07-09,ｷﾝｸﾞﾊﾅﾊﾅ-30,377,726,2,1,274,-155,242.0,726.0,設定1,49.2,20.7,14.5,8.7,3.8,3.2
2026-07-09,ｷﾝｸﾞﾊﾅﾊﾅ-30,376,1504,4,2,434,-376,250.7,752.0,設定1,53.6,21.2,13.5,7.2,2.6,1.8
2026-07-09,ｷﾝｸﾞﾊﾅﾊﾅ-30,375,996,0,2,129,-988,498.0,498.0,設定1,53.4,21.2,13.5,7.2,2.7,1.9
2026-07-09,ｷﾝｸﾞﾊﾅﾊﾅ-30,374,2072,9,8,873,1251,121.9,259.0,設定1,28.4,16.8,17.0,15.4,10.2,12.2
2026-07-09,ｷﾝｸﾞﾊﾅﾊﾅ-30,373,2961,13,4,1511,865,174.2,740.2,設定1,51.7,21.5,14.4,7.9,2.8,1.8
2026-07-08,ｷﾝｸﾞﾊﾅﾊﾅ-30,390,7977,37,26,2743,4927,126.6,306.8,設定6,6.7,7.0,12.8,20.5,21.2,31.7
2026-07-08,ｷﾝｸﾞﾊﾅﾊﾅ-30,389,645,1,2,422,-236,215.0,322.5,設定1,45.9,20.4,15.1,9.7,4.6,4.2
2026-07-08,ｷﾝｸﾞﾊﾅﾊﾅ-30,388,589,0,1,143,-608,589.0,589.0,設定1,50.9,20.9,14.1,8.1,3.4,2.7
2026-07-08,ｷﾝｸﾞﾊﾅﾊﾅ-30,387,490,1,1,268,-172,245.0,490.0,判定不能(G不足),47.3,20.5,14.8,9.3,4.3,3.8
2026-07-08,ｷﾝｸﾞﾊﾅﾊﾅ-30,386,3199,18,2,1498,1867,159.9,1599.5,設定1,53.2,21.3,13.9,7.4,2.5,1.6
2026-07-08,ｷﾝｸﾞﾊﾅﾊﾅ-30,385,717,3,0,474,37,239.0,0.0,設定1,50.9,20.8,14.0,8.2,3.4,2.8
2026-07-08,ｷﾝｸﾞﾊﾅﾊﾅ-30,384,974,2,2,266,-336,243.5,487.0,設定1,49.3,20.9,14.5,8.6,3.6,3.0
2026-07-08,ｷﾝｸﾞﾊﾅﾊﾅ-30,383,1488,3,7,482,-18,148.8,212.6,設定1,35.5,18.9,16.9,13.2,7.6,7.9
2026-07-08,ｷﾝｸﾞﾊﾅﾊﾅ-30,382,942,2,1,362,-426,314.0,942.0,設定1,52.5,21.0,13.7,7.6,2.9,2.2
2026-07-08,ｷﾝｸﾞﾊﾅﾊﾅ-30,381,607,2,1,380,-6,202.3,607.0,設定1,47.2,20.5,14.8,9.3,4.3,3.8
2026-07-08,ｷﾝｸﾞﾊﾅﾊﾅ-30,380,3044,10,6,1389,85,190.2,507.3,設定1,51.3,21.7,14.6,7.9,2.8,1.8
2026-07-08,ｷﾝｸﾞﾊﾅﾊﾅ-30,379,1282,5,1,760,83,213.7,1282.0,設定1,52.1,21.0,13.9,7.7,3.0,2.3
2026-07-08,ｷﾝｸﾞﾊﾅﾊﾅ-30,378,1761,8,6,1044,1069,125.8,293.5,設定1,33.6,18.3,16.9,13.8,8.3,9.2
2026-07-08,ｷﾝｸﾞﾊﾅﾊﾅ-30,377,3010,10,5,1105,-1,200.7,602.0,設定1,54.2,21.6,13.7,6.9,2.2,1.3
2026-07-08,ｷﾝｸﾞﾊﾅﾊﾅ-30,376,602,1,1,267,-312,301.0,602.0,設定1,49.1,20.7,14.5,8.7,3.8,3.2
2026-07-08,ｷﾝｸﾞﾊﾅﾊﾅ-30,375,286,0,0,18,-358,0.0,0.0,判定不能(G不足),49.9,20.7,14.2,8.4,3.7,3.2
2026-07-08,ｷﾝｸﾞﾊﾅﾊﾅ-30,374,415,0,1,136,-390,415.0,415.0,判定不能(G不足),48.1,20.6,14.6,9.0,4.1,3.6
2026-07-08,ｷﾝｸﾞﾊﾅﾊﾅ-30,373,1693,8,1,910,504,188.1,1693.0,設定1,52.7,21.1,13.8,7.6,2.8,2.0
2026-07-07,ｷﾝｸﾞﾊﾅﾊﾅ-30,390,6088,15,15,924,-999,202.9,405.9,設定1,54.5,22.8,14.1,6.3,1.6,0.7
2026-07-07,ｷﾝｸﾞﾊﾅﾊﾅ-30,389,3254,8,5,645,-931,250.3,650.8,設定1,60.4,21.4,11.6,4.8,1.2,0.6
2026-07-07,ｷﾝｸﾞﾊﾅﾊﾅ-30,388,3675,11,7,699,-263,204.2,525.0,設定1,55.0,21.9,13.6,6.6,2.0,1.1
2026-07-07,ｷﾝｸﾞﾊﾅﾊﾅ-30,387,4093,14,6,543,18,204.7,682.2,設定1,58.6,21.6,12.3,5.4,1.4,0.7
2026-07-07,ｷﾝｸﾞﾊﾅﾊﾅ-30,386,8986,44,23,3181,5457,134.1,390.7,設定4,16.0,13.4,18.8,21.9,14.9,15.1
2026-07-07,ｷﾝｸﾞﾊﾅﾊﾅ-30,385,2027,5,2,753,-720,289.6,1013.5,設定1,59.0,21.2,12.0,5.4,1.6,0.9
2026-07-07,ｷﾝｸﾞﾊﾅﾊﾅ-30,384,2808,12,2,926,485,200.6,1404.0,設定1,57.9,21.3,12.4,5.8,1.7,1.0
2026-07-07,ｷﾝｸﾞﾊﾅﾊﾅ-30,383,7901,31,23,1647,2760,146.3,343.5,設定1,23.3,17.1,20.3,19.3,11.0,9.1
2026-07-07,ｷﾝｸﾞﾊﾅﾊﾅ-30,382,6625,22,19,1457,1031,161.6,348.7,設定1,35.6,21.0,19.4,14.0,6.1,4.0
2026-07-07,ｷﾝｸﾞﾊﾅﾊﾅ-30,381,6165,21,15,1549,776,171.2,411.0,設定1,45.3,22.3,17.1,10.0,3.4,1.9
2026-07-07,ｷﾝｸﾞﾊﾅﾊﾅ-30,380,3002,9,6,705,-173,200.1,500.3,設定1,52.4,21.7,14.2,7.5,2.6,1.6
2026-07-07,ｷﾝｸﾞﾊﾅﾊﾅ-30,379,8911,28,30,2744,1469,153.6,297.0,設定4,19.6,16.1,20.9,21.0,12.6,9.8
2026-07-07,ｷﾝｸﾞﾊﾅﾊﾅ-30,378,1342,4,1,406,-303,268.4,1342.0,設定1,54.8,21.1,13.2,6.8,2.4,1.7
2026-07-07,ｷﾝｸﾞﾊﾅﾊﾅ-30,377,10415,42,26,2480,3432,153.2,400.6,設定1,30.5,20.6,21.5,16.7,6.8,3.8
2026-07-07,ｷﾝｸﾞﾊﾅﾊﾅ-30,376,2339,6,4,722,-539,233.9,584.8,設定1,55.1,21.5,13.3,6.6,2.2,1.3
2026-07-07,ｷﾝｸﾞﾊﾅﾊﾅ-30,375,4517,16,9,1451,501,180.7,501.9,設定1,51.4,22.1,14.8,7.8,2.5,1.4
2026-07-07,ｷﾝｸﾞﾊﾅﾊﾅ-30,374,6396,22,13,1360,538,182.7,492.0,設定1,53.6,22.6,14.4,6.8,1.8,0.8
2026-07-07,ｷﾝｸﾞﾊﾅﾊﾅ-30,373,6436,15,15,795,-1435,214.5,429.1,設定1,58.6,22.5,12.5,4.9,1.1,0.4
2026-07-06,ｷﾝｸﾞﾊﾅﾊﾅ-30,390,2892,8,3,1033,-738,262.9,964.0,設定1,61.9,21.0,11.0,4.4,1.1,0.5
2026-07-06,ｷﾝｸﾞﾊﾅﾊﾅ-30,389,1114,4,0,664,-147,278.5,0.0,設定1,55.0,21.0,13.1,6.8,2.4,1.7
2026-07-06,ｷﾝｸﾞﾊﾅﾊﾅ-30,388,4872,26,17,3128,4216,113.3,286.6,設定6,8.7,7.8,12.4,18.4,19.3,33.4
2026-07-06,ｷﾝｸﾞﾊﾅﾊﾅ-30,387,1400,4,3,275,-116,200.0,466.7,設定1,48.4,21.0,14.9,8.9,3.8,3.0
2026-07-06,ｷﾝｸﾞﾊﾅﾊﾅ-30,386,1419,3,0,326,-842,473.0,0.0,設定1,60.6,20.8,11.3,5.0,1.5,0.8
2026-07-06,ｷﾝｸﾞﾊﾅﾊﾅ-30,385,488,0,0,21,-611,0.0,0.0,判定不能(G不足),53.0,20.9,13.5,7.4,2.9,2.3
2026-07-06,ｷﾝｸﾞﾊﾅﾊﾅ-30,384,9696,44,17,2495,3787,159.0,570.4,設定1,48.2,23.0,16.7,8.8,2.3,0.9
2026-07-06,ｷﾝｸﾞﾊﾅﾊﾅ-30,383,1412,1,3,355,-1067,353.0,470.7,設定1,54.2,21.3,13.4,6.9,2.5,1.7
2026-07-06,ｷﾝｸﾞﾊﾅﾊﾅ-30,382,1253,2,1,264,-816,417.7,1253.0,設定1,56.9,21.1,12.5,6.1,2.0,1.3
2026-07-06,ｷﾝｸﾞﾊﾅﾊﾅ-30,381,7482,30,21,1554,2714,146.7,356.3,設定1,25.9,18.0,20.1,18.1,9.8,8.0
2026-07-06,ｷﾝｸﾞﾊﾅﾊﾅ-30,380,3090,14,5,786,1145,162.6,618.0,設定1,48.2,21.3,15.3,9.1,3.6,2.6
2026-07-06,ｷﾝｸﾞﾊﾅﾊﾅ-30,379,8881,37,26,2637,3794,141.0,341.6,設定4,16.7,14.1,19.5,21.8,14.4,13.4
2026-07-06,ｷﾝｸﾞﾊﾅﾊﾅ-30,378,720,4,1,715,475,144.0,720.0,設定1,44.9,20.2,15.2,10.1,4.9,4.7
2026-07-06,ｷﾝｸﾞﾊﾅﾊﾅ-30,377,747,2,1,341,-182,249.0,747.0,設定1,49.5,20.8,14.4,8.6,3.7,3.1
2026-07-06,ｷﾝｸﾞﾊﾅﾊﾅ-30,376,4201,21,11,2179,2717,131.3,381.9,設定1,28.1,17.3,18.0,16.3,9.9,10.4
2026-07-06,ｷﾝｸﾞﾊﾅﾊﾅ-30,375,1201,3,3,517,-179,200.2,400.3,設定1,47.2,20.8,15.1,9.4,4.1,3.5
2026-07-06,ｷﾝｸﾞﾊﾅﾊﾅ-30,374,7124,33,10,1437,2668,165.7,712.4,設定1,54.8,22.3,14.0,6.5,1.6,0.7
2026-07-06,ｷﾝｸﾞﾊﾅﾊﾅ-30,373,6086,20,12,881,173,190.2,507.2,設定1,55.9,22.4,13.5,6.0,1.5,0.6
2026-07-05,ｷﾝｸﾞﾊﾅﾊﾅ-30,390,3680,15,7,1209,978,167.3,525.7,設定1,48.0,21.6,15.6,9.1,3.4,2.3
2026-07-05,ｷﾝｸﾞﾊﾅﾊﾅ-30,389,5649,25,13,2150,2411,148.7,434.5,設定1,36.8,20.5,18.4,13.5,6.1,4.6
2026-07-05,ｷﾝｸﾞﾊﾅﾊﾅ-30,388,292,1,0,285,-53,292.0,0.0,判定不能(G不足),47.9,20.5,14.6,9.1,4.2,3.8
2026-07-05,ｷﾝｸﾞﾊﾅﾊﾅ-30,387,4696,18,15,1394,1681,142.3,313.1,設定1,27.0,17.4,18.6,16.8,10.2,10.0
2026-07-05,ｷﾝｸﾞﾊﾅﾊﾅ-30,386,3151,12,7,796,705,165.8,450.1,設定1,45.4,21.2,16.0,10.0,4.2,3.1
2026-07-05,ｷﾝｸﾞﾊﾅﾊﾅ-30,385,1342,2,3,266,-667,268.4,447.3,設定1,51.3,21.2,14.2,7.9,3.1,2.3
2026-07-05,ｷﾝｸﾞﾊﾅﾊﾅ-30,384,2883,9,5,436,-154,205.9,576.6,設定1,54.2,21.6,13.7,6.9,2.3,1.4
2026-07-05,ｷﾝｸﾞﾊﾅﾊﾅ-30,383,1493,5,4,699,209,165.9,373.2,設定1,43.9,20.5,15.8,10.5,4.9,4.4
2026-07-05,ｷﾝｸﾞﾊﾅﾊﾅ-30,382,1328,3,5,418,-78,166.0,265.6,設定1,41.2,20.0,16.2,11.3,5.8,5.4
2026-07-05,ｷﾝｸﾞﾊﾅﾊﾅ-30,381,10703,52,29,4719,6581,132.1,369.1,設定4,8.9,9.2,16.2,23.6,19.6,22.5
2026-07-05,ｷﾝｸﾞﾊﾅﾊﾅ-30,380,483,1,1,381,-163,241.5,483.0,判定不能(G不足),47.2,20.5,14.8,9.3,4.3,3.9
2026-07-05,ｷﾝｸﾞﾊﾅﾊﾅ-30,379,4510,17,9,2020,822,173.5,501.1,設定1,49.5,22.0,15.4,8.5,2.9,1.7
2026-07-05,ｷﾝｸﾞﾊﾅﾊﾅ-30,378,2242,9,4,1217,518,172.5,560.5,設定1,48.2,21.1,15.1,9.0,3.7,2.8
2026-07-05,ｷﾝｸﾞﾊﾅﾊﾅ-30,377,2177,4,6,481,-700,217.7,362.8,設定1,49.4,21.5,14.9,8.5,3.3,2.4
2026-07-05,ｷﾝｸﾞﾊﾅﾊﾅ-30,376,2150,7,6,1079,269,165.4,358.3,設定1,42.9,20.6,16.2,10.9,5.1,4.3
2026-07-05,ｷﾝｸﾞﾊﾅﾊﾅ-30,375,2351,7,7,669,147,167.9,335.9,設定1,42.3,20.6,16.4,11.1,5.2,4.4
2026-07-05,ｷﾝｸﾞﾊﾅﾊﾅ-30,374,1954,4,1,558,-1070,390.8,1954.0,設定1,62.5,20.7,10.7,4.4,1.1,0.6
2026-07-05,ｷﾝｸﾞﾊﾅﾊﾅ-30,373,4517,16,14,1136,1151,150.6,322.6,設定1,32.2,19.1,18.6,15.0,8.0,7.0
2026-07-04,ｷﾝｸﾞﾊﾅﾊﾅ-30,390,4850,24,11,2473,2840,138.6,440.9,設定1,33.2,19.1,18.3,14.8,7.7,6.9
2026-07-04,ｷﾝｸﾞﾊﾅﾊﾅ-30,389,5777,19,13,1603,378,180.5,444.4,設定1,50.3,22.5,15.5,8.0,2.5,1.2
2026-07-04,ｷﾝｸﾞﾊﾅﾊﾅ-30,388,1775,4,7,733,-66,161.4,253.6,設定1,38.6,19.8,16.8,12.3,6.5,6.2
2026-07-04,ｷﾝｸﾞﾊﾅﾊﾅ-30,387,410,0,0,28,-513,0.0,0.0,判定不能(G不足),51.8,20.8,13.8,7.8,3.2,2.6
2026-07-04,ｷﾝｸﾞﾊﾅﾊﾅ-30,386,9370,40,31,3664,4768,132.0,302.3,設定6,6.1,6.9,13.2,21.7,22.1,30.1
2026-07-04,ｷﾝｸﾞﾊﾅﾊﾅ-30,385,5677,27,13,1894,2999,141.9,436.7,設定1,33.1,19.4,18.8,15.0,7.5,6.2
2026-07-04,ｷﾝｸﾞﾊﾅﾊﾅ-30,384,918,1,3,363,-448,229.5,306.0,設定1,46.5,20.7,15.2,9.5,4.3,3.8
2026-07-04,ｷﾝｸﾞﾊﾅﾊﾅ-30,383,1037,2,1,267,-545,345.7,1037.0,設定1,53.9,21.1,13.4,7.1,2.6,1.9
2026-07-04,ｷﾝｸﾞﾊﾅﾊﾅ-30,382,659,3,0,463,110,219.7,0.0,設定1,49.9,20.7,14.2,8.5,3.6,3.0
2026-07-04,ｷﾝｸﾞﾊﾅﾊﾅ-30,381,1468,4,4,604,-71,183.5,367.0,設定1,45.6,20.7,15.5,9.9,4.5,3.8
2026-07-04,ｷﾝｸﾞﾊﾅﾊﾅ-30,380,6857,30,17,2784,2977,145.9,403.4,設定1,31.0,19.4,19.6,16.0,7.9,6.1
2026-07-04,ｷﾝｸﾞﾊﾅﾊﾅ-30,379,904,3,1,458,-66,226.0,904.0,設定1,50.1,20.8,14.3,8.4,3.5,2.9
2026-07-04,ｷﾝｸﾞﾊﾅﾊﾅ-30,378,8644,34,26,1808,3155,144.1,332.5,設定4,18.5,15.1,20.0,21.2,13.4,11.8
2026-07-04,ｷﾝｸﾞﾊﾅﾊﾅ-30,377,1713,3,6,606,-430,190.3,285.5,設定1,43.8,20.7,16.0,10.5,4.9,4.1
2026-07-04,ｷﾝｸﾞﾊﾅﾊﾅ-30,376,4462,15,10,991,388,178.5,446.2,設定1,48.9,22.0,15.6,8.7,3.0,1.8
2026-07-04,ｷﾝｸﾞﾊﾅﾊﾅ-30,375,818,2,0,466,-401,409.0,0.0,設定1,54.2,21.0,13.2,7.0,2.6,1.9
2026-07-04,ｷﾝｸﾞﾊﾅﾊﾅ-30,374,2347,7,4,1048,-237,213.4,586.8,設定1,53.5,21.5,13.8,7.2,2.5,1.6
2026-07-04,ｷﾝｸﾞﾊﾅﾊﾅ-30,373,3445,10,10,734,102,172.2,344.5,設定1,42.6,21.1,16.9,11.0,4.8,3.6
2026-07-03,ｷﾝｸﾞﾊﾅﾊﾅ-30,390,3702,7,8,447,-1415,246.8,462.8,設定1,58.5,21.8,12.4,5.3,1.4,0.6
2026-07-03,ｷﾝｸﾞﾊﾅﾊﾅ-30,389,2193,8,4,798,267,182.8,548.2,設定1,49.4,21.2,14.8,8.6,3.4,2.5
2026-07-03,ｷﾝｸﾞﾊﾅﾊﾅ-30,388,897,1,2,434,-552,299.0,448.5,設定1,50.1,21.0,14.4,8.4,3.5,2.8
2026-07-03,ｷﾝｸﾞﾊﾅﾊﾅ-30,387,3498,17,10,2468,2220,129.6,349.8,設定1,28.4,17.2,17.7,15.9,9.9,10.9
2026-07-03,ｷﾝｸﾞﾊﾅﾊﾅ-30,386,2838,4,5,526,-1658,315.3,567.6,設定1,61.3,21.2,11.2,4.5,1.2,0.5
2026-07-03,ｷﾝｸﾞﾊﾅﾊﾅ-30,385,953,0,4,218,-674,238.2,238.2,設定1,45.2,20.6,15.5,10.0,4.7,4.1
2026-07-03,ｷﾝｸﾞﾊﾅﾊﾅ-30,384,1235,3,2,683,-351,247.0,617.5,設定1,51.5,21.1,14.1,7.9,3.1,2.3
2026-07-03,ｷﾝｸﾞﾊﾅﾊﾅ-30,383,4477,17,8,1076,733,179.1,559.6,設定1,52.5,22.0,14.5,7.4,2.3,1.3
2026-07-03,ｷﾝｸﾞﾊﾅﾊﾅ-30,382,1635,8,6,1391,1227,116.8,272.5,設定1,31.2,17.5,16.8,14.5,9.2,10.9
2026-07-03,ｷﾝｸﾞﾊﾅﾊﾅ-30,381,713,1,1,264,-451,356.5,713.0,設定1,50.9,20.9,14.1,8.1,3.3,2.7
2026-07-03,ｷﾝｸﾞﾊﾅﾊﾅ-30,380,686,1,0,260,-547,686.0,0.0,設定1,54.1,21.0,13.2,7.1,2.7,2.0
2026-07-03,ｷﾝｸﾞﾊﾅﾊﾅ-30,379,7679,31,17,3220,2259,160.0,451.7,設定1,42.3,22.3,18.2,11.3,3.9,2.1
2026-07-03,ｷﾝｸﾞﾊﾅﾊﾅ-30,378,716,4,1,634,480,143.2,716.0,設定1,44.9,20.2,15.2,10.1,4.9,4.7
2026-07-03,ｷﾝｸﾞﾊﾅﾊﾅ-30,377,3165,9,8,1015,-118,186.2,395.6,設定1,47.7,21.6,15.6,9.1,3.5,2.4
2026-07-03,ｷﾝｸﾞﾊﾅﾊﾅ-30,376,1980,5,6,533,-141,180.0,330.0,設定1,44.2,20.8,16.0,10.4,4.7,3.9
2026-07-03,ｷﾝｸﾞﾊﾅﾊﾅ-30,375,1084,3,1,491,-292,271.0,1084.0,設定1,52.8,21.0,13.7,7.5,2.9,2.1
2026-07-03,ｷﾝｸﾞﾊﾅﾊﾅ-30,374,3517,13,11,1180,1078,146.5,319.7,設定1,33.4,19.0,17.9,14.4,7.9,7.4
2026-07-03,ｷﾝｸﾞﾊﾅﾊﾅ-30,373,2285,9,6,1064,724,152.3,380.8,設定1,41.0,20.2,16.5,11.6,5.6,5.0
2026-07-02,ｷﾝｸﾞﾊﾅﾊﾅ-30,390,1178,3,2,503,-280,235.6,589.0,設定1,50.6,21.0,14.3,8.2,3.3,2.6
2026-07-02,ｷﾝｸﾞﾊﾅﾊﾅ-30,389,1452,4,2,432,-311,242.0,726.0,設定1,52.9,21.2,13.7,7.4,2.8,2.0
2026-07-02,ｷﾝｸﾞﾊﾅﾊﾅ-30,388,1943,8,4,826,581,161.9,485.8,設定1,45.4,20.7,15.6,10.0,4.5,3.8
2026-07-02,ｷﾝｸﾞﾊﾅﾊﾅ-30,387,7175,31,17,2001,2890,149.5,422.1,設定1,34.3,20.4,19.5,14.7,6.5,4.6
2026-07-02,ｷﾝｸﾞﾊﾅﾊﾅ-30,386,237,0,1,124,-166,237.0,237.0,判定不能(G不足),45.0,20.2,15.1,10.0,4.9,4.8
2026-07-02,ｷﾝｸﾞﾊﾅﾊﾅ-30,385,2595,13,4,1524,1324,152.6,648.8,設定1,46.0,20.9,15.6,9.9,4.2,3.4
2026-07-02,ｷﾝｸﾞﾊﾅﾊﾅ-30,384,3514,11,11,835,458,159.7,319.5,設定1,37.7,20.2,17.6,12.8,6.3,5.3
2026-07-02,ｷﾝｸﾞﾊﾅﾊﾅ-30,383,1523,6,2,870,223,190.4,761.5,設定1,50.2,21.0,14.4,8.4,3.4,2.6
2026-07-02,ｷﾝｸﾞﾊﾅﾊﾅ-30,382,2299,5,10,814,-20,153.3,229.9,設定1,33.2,18.7,17.5,14.1,8.2,8.3
2026-07-02,ｷﾝｸﾞﾊﾅﾊﾅ-30,381,1859,5,4,600,-249,206.6,464.8,設定1,49.9,21.3,14.6,8.4,3.3,2.4
2026-07-02,ｷﾝｸﾞﾊﾅﾊﾅ-30,380,3406,9,9,1074,-290,189.2,378.4,設定1,47.7,21.7,15.7,9.1,3.5,2.3
2026-07-02,ｷﾝｸﾞﾊﾅﾊﾅ-30,379,1054,1,4,376,-488,210.8,263.5,設定1,44.8,20.6,15.5,10.1,4.8,4.2
2026-07-02,ｷﾝｸﾞﾊﾅﾊﾅ-30,378,3053,6,9,708,-783,203.5,339.2,設定1,48.0,21.7,15.6,9.0,3.5,2.3
2026-07-02,ｷﾝｸﾞﾊﾅﾊﾅ-30,377,2532,6,6,723,-520,211.0,422.0,設定1,51.0,21.6,14.6,8.0,2.9,1.9
2026-07-02,ｷﾝｸﾞﾊﾅﾊﾅ-30,376,2041,7,6,738,406,157.0,340.2,設定1,41.0,20.2,16.5,11.5,5.7,5.1
2026-07-02,ｷﾝｸﾞﾊﾅﾊﾅ-30,375,980,1,1,267,-786,490.0,980.0,設定1,54.9,21.1,13.1,6.8,2.4,1.7
2026-07-02,ｷﾝｸﾞﾊﾅﾊﾅ-30,374,1294,5,1,515,68,215.7,1294.0,設定1,52.3,21.0,13.8,7.7,3.0,2.2
2026-07-02,ｷﾝｸﾞﾊﾅﾊﾅ-30,373,786,1,2,273,-412,262.0,393.0,設定1,48.3,20.8,14.7,9.0,3.9,3.3
