日付,機種名,台番,累計ゲーム数,BIG回数,REG回数,最大放出数,推測差枚,合算確率,REG確率,最有力設定,設定1(%),設定2(%),設定3(%),設定4(%),設定V(%)
2026-07-20,SBﾆｭｰｷﾝｸﾞﾊﾅﾊﾅV-30,0372,7443,31,19,2814,1629,148.9,391.7,設定V,9.8,13.9,19.6,26.5,30.2
2026-07-20,SBﾆｭｰｷﾝｸﾞﾊﾅﾊﾅV-30,0371,1133,2,3,457,-586,226.6,377.7,設定1,21.8,21.4,20.7,19.2,16.9
2026-07-20,SBﾆｭｰｷﾝｸﾞﾊﾅﾊﾅV-30,0370,2859,9,6,1104,-450,190.6,476.5,設定1,22.7,22.4,21.3,18.8,14.8
2026-07-20,SBﾆｭｰｷﾝｸﾞﾊﾅﾊﾅV-30,0369,3925,18,8,1618,1112,151.0,490.6,設定4,16.4,18.5,20.7,22.5,21.8
2026-07-20,SBﾆｭｰｷﾝｸﾞﾊﾅﾊﾅV-30,0368,1571,4,4,675,-450,196.4,392.8,設定2,21.1,21.1,20.8,19.6,17.4
2026-07-20,SBﾆｭｰｷﾝｸﾞﾊﾅﾊﾅV-30,0367,3771,10,11,844,-776,179.6,342.8,設定3,18.5,20.2,21.5,21.2,18.6
2026-07-20,SBﾆｭｰｷﾝｸﾞﾊﾅﾊﾅV-30,0366,5587,25,12,2747,1468,151.0,465.6,設定4,14.5,17.5,20.8,23.8,23.4
2026-07-20,SBﾆｭｰｷﾝｸﾞﾊﾅﾊﾅV-30,0365,3454,13,12,2104,737,138.2,287.8,設定V,10.0,13.3,18.2,25.1,33.3
2026-07-20,SBﾆｭｰｷﾝｸﾞﾊﾅﾊﾅV-30,0364,6349,32,16,3625,3096,132.3,396.8,設定V,6.5,10.0,16.2,26.8,40.5
2026-07-20,SBﾆｭｰｷﾝｸﾞﾊﾅﾊﾅV-30,0363,694,0,1,136,-850,694.0,694.0,設定1,25.2,23.1,20.5,17.3,13.8
2026-07-20,SBﾆｭｰｷﾝｸﾞﾊﾅﾊﾅV-30,0362,8125,39,22,3660,3552,133.2,369.3,設定V,4.1,7.3,13.9,27.1,47.6
2026-07-20,SBﾆｭｰｷﾝｸﾞﾊﾅﾊﾅV-30,0361,1640,4,3,602,-678,234.3,546.7,設定1,24.5,23.0,20.9,17.8,13.9
2026-07-20,SBﾆｭｰｷﾝｸﾞﾊﾅﾊﾅV-30,0360,1537,3,2,322,-974,307.4,768.5,設定1,27.6,24.4,20.6,16.1,11.3
2026-07-20,SBﾆｭｰｷﾝｸﾞﾊﾅﾊﾅV-30,0359,4210,17,7,1518,267,175.4,601.4,設定1,23.3,22.9,21.6,18.6,13.6
2026-07-20,SBﾆｭｰｷﾝｸﾞﾊﾅﾊﾅV-30,0358,2251,9,2,896,-111,204.6,1125.5,設定1,26.6,24.1,20.8,16.7,11.9
2026-07-20,SBﾆｭｰｷﾝｸﾞﾊﾅﾊﾅV-30,0357,7826,32,26,3043,2310,134.9,301.0,設定V,3.1,6.0,12.4,26.5,52.0
2026-07-20,SBﾆｭｰｷﾝｸﾞﾊﾅﾊﾅV-30,0356,5046,15,17,1351,-236,157.7,296.8,設定V,11.3,14.9,19.9,25.2,28.8
2026-07-20,SBﾆｭｰｷﾝｸﾞﾊﾅﾊﾅV-30,0355,3731,12,10,1500,-225,169.6,373.1,設定4,17.8,19.6,21.2,21.7,19.7
2026-07-20,SBﾆｭｰｷﾝｸﾞﾊﾅﾊﾅV-30,0354,6092,24,16,2372,963,152.3,380.8,設定V,11.9,15.6,20.3,25.2,27.0
2026-07-20,SBﾆｭｰｷﾝｸﾞﾊﾅﾊﾅV-30,0353,5953,20,10,1292,-868,198.4,595.3,設定1,30.2,26.7,21.3,14.4,7.4
2026-07-20,SBﾆｭｰｷﾝｸﾞﾊﾅﾊﾅV-30,0352,2980,12,4,1151,55,186.2,745.0,設定1,24.9,23.5,21.1,17.6,12.9
2026-07-20,SBﾆｭｰｷﾝｸﾞﾊﾅﾊﾅV-30,0351,8484,26,30,1993,29,151.5,282.8,設定V,5.0,8.9,16.2,28.0,41.9
2026-07-20,SBﾆｭｰｷﾝｸﾞﾊﾅﾊﾅV-30,0350,1944,8,5,1512,400,149.5,388.8,設定V,16.9,18.5,20.2,21.8,22.5
2026-07-20,SBﾆｭｰｷﾝｸﾞﾊﾅﾊﾅV-30,0349,2570,7,4,767,-925,233.6,642.5,設定1,27.9,24.8,20.9,15.9,10.5
2026-07-20,SBﾆｭｰｷﾝｸﾞﾊﾅﾊﾅV-30,0348,4414,12,13,993,-800,176.6,339.5,設定4,17.5,19.8,21.6,21.8,19.2
2026-07-20,SBﾆｭｰｷﾝｸﾞﾊﾅﾊﾅV-30,0347,9010,35,23,2141,1184,155.3,391.7,設定V,10.6,15.0,20.9,26.6,26.9
2026-07-20,SBﾆｭｰｷﾝｸﾞﾊﾅﾊﾅV-30,0346,1326,5,1,607,-182,221.0,1326.0,設定1,24.8,23.0,20.6,17.6,14.0
2026-07-20,SBﾆｭｰｷﾝｸﾞﾊﾅﾊﾅV-30,0345,7775,37,17,3986,2772,144.0,457.4,設定V,9.9,13.8,19.4,26.5,30.3
2026-07-20,SBﾆｭｰｷﾝｸﾞﾊﾅﾊﾅV-30,0344,3215,7,11,864,-926,178.6,292.3,設定4,16.9,19.0,21.1,22.0,21.0
2026-07-20,SBﾆｭｰｷﾝｸﾞﾊﾅﾊﾅV-30,0343,2195,6,5,806,-578,199.5,439.0,設定1,22.4,22.1,21.1,18.9,15.5
2026-07-20,SBﾆｭｰｷﾝｸﾞﾊﾅﾊﾅV-30,0342,1448,4,4,892,-277,181.0,362.0,設定3,19.7,20.3,20.6,20.3,19.1
2026-07-20,SBﾆｭｰｷﾝｸﾞﾊﾅﾊﾅV-30,0341,8092,46,21,5291,5652,120.8,385.3,設定V,2.0,4.2,9.6,24.6,59.6
2026-07-20,SBﾆｭｰｷﾝｸﾞﾊﾅﾊﾅV-30,0340,2183,4,5,654,-1185,242.6,436.6,設定1,25.3,23.6,21.1,17.3,12.7
2026-07-20,SBﾆｭｰｷﾝｸﾞﾊﾅﾊﾅV-30,0339,5045,23,11,1890,1480,148.4,458.6,設定V,14.1,17.1,20.5,23.9,24.5
2026-07-20,SBﾆｭｰｷﾝｸﾞﾊﾅﾊﾅV-30,0338,1140,2,0,489,-986,570.0,0,設定1,30.1,25.3,20.1,14.7,9.7
2026-07-20,SBﾆｭｰｷﾝｸﾞﾊﾅﾊﾅV-30,0337,4849,17,6,1416,-764,210.8,808.2,設定1,33.1,27.3,20.3,12.9,6.4
2026-07-20,SBﾆｭｰｷﾝｸﾞﾊﾅﾊﾅV-30,0336,4726,9,10,878,-2567,248.7,472.6,設定1,32.9,27.5,20.6,12.8,6.2
2026-07-20,SBﾆｭｰｷﾝｸﾞﾊﾅﾊﾅV-30,0335,3599,11,7,1095,-741,199.9,514.1,設定1,25.4,24.0,21.4,17.3,11.9
2026-07-20,SBﾆｭｰｷﾝｸﾞﾊﾅﾊﾅV-30,0334,3064,9,8,937,-479,180.2,383.0,設定3,19.8,20.8,21.3,20.4,17.6
2026-07-20,SBﾆｭｰｷﾝｸﾞﾊﾅﾊﾅV-30,0333,1791,4,1,621,-1151,358.2,1791.0,設定1,31.8,26.1,20.0,13.8,8.3
2026-07-20,SBﾆｭｰｷﾝｸﾞﾊﾅﾊﾅV-30,0332,6695,19,20,1367,-928,171.7,334.8,設定4,14.8,18.3,22.1,23.8,21.1
2026-07-20,SBﾆｭｰｷﾝｸﾞﾊﾅﾊﾅV-30,0331,1841,5,3,972,-650,230.1,613.7,設定1,25.3,23.4,20.9,17.3,13.1
2026-07-20,SBﾆｭｰｷﾝｸﾞﾊﾅﾊﾅV-30,0330,8016,32,31,3493,2692,127.2,258.6,設定V,1.2,2.9,7.7,22.7,65.6
2026-07-20,SBﾆｭｰｷﾝｸﾞﾊﾅﾊﾅV-30,0329,1613,8,0,1266,217,201.6,0,設定1,26.3,23.7,20.5,16.9,12.7
2026-07-20,SBﾆｭｰｷﾝｸﾞﾊﾅﾊﾅV-30,0328,4960,21,7,2212,456,177.1,708.6,設定1,25.7,24.3,21.6,17.2,11.2
2026-07-20,SBﾆｭｰｷﾝｸﾞﾊﾅﾊﾅV-30,0327,2526,6,3,806,-1305,280.7,842.0,設定1,31.6,26.3,20.2,13.8,8.0
2026-07-20,SBﾆｭｰｷﾝｸﾞﾊﾅﾊﾅV-30,0326,1187,3,2,334,-480,237.4,593.5,設定1,23.6,22.4,20.7,18.3,15.1
2026-07-20,SBﾆｭｰｷﾝｸﾞﾊﾅﾊﾅV-30,0325,7800,29,19,2172,501,162.5,410.5,設定4,14.9,18.5,22.1,23.9,20.6
2026-07-20,SBﾆｭｰｷﾝｸﾞﾊﾅﾊﾅV-30,0324,2724,6,6,488,-1195,227.0,454.0,設定1,25.7,24.0,21.2,17.1,12.0
2026-07-20,SBﾆｭｰｷﾝｸﾞﾊﾅﾊﾅV-30,0323,4952,16,17,1572,207,150.1,291.3,設定V,9.6,13.3,18.8,25.8,32.6
2026-07-20,SBﾆｭｰｷﾝｸﾞﾊﾅﾊﾅV-30,0322,2887,5,8,766,-1477,222.1,360.9,設定1,23.7,23.1,21.5,18.2,13.5
2026-07-20,SBﾆｭｰｷﾝｸﾞﾊﾅﾊﾅV-30,0321,5444,15,16,1597,-929,175.6,340.2,設定4,16.8,19.5,22.0,22.4,19.3
2026-07-20,SBﾆｭｰｷﾝｸﾞﾊﾅﾊﾅV-30,0320,7465,27,13,1314,-429,186.6,574.2,設定1,28.6,26.4,22.0,15.3,7.7
2026-07-20,SBﾆｭｰｷﾝｸﾞﾊﾅﾊﾅV-30,0319,5206,27,14,4059,2891,127.0,371.9,設定V,6.4,9.8,15.7,26.3,41.9
2026-07-19,SBﾆｭｰｷﾝｸﾞﾊﾅﾊﾅV-30,0372,6431,22,17,1638,-9,164.9,378.3,設定4,15.1,18.4,21.8,23.5,21.1
2026-07-19,SBﾆｭｰｷﾝｸﾞﾊﾅﾊﾅV-30,0371,4095,13,17,1792,482,136.5,240.9,設定V,6.6,10.1,16.1,26.0,41.2
2026-07-19,SBﾆｭｰｷﾝｸﾞﾊﾅﾊﾅV-30,0370,6000,25,6,2311,105,193.5,1000.0,設定1,34.0,27.7,20.2,12.5,5.7
2026-07-19,SBﾆｭｰｷﾝｸﾞﾊﾅﾊﾅV-30,0369,1601,3,2,324,-1065,320.2,800.5,設定1,28.3,24.8,20.5,15.7,10.7
2026-07-19,SBﾆｭｰｷﾝｸﾞﾊﾅﾊﾅV-30,0368,6668,29,17,2173,1840,145.0,392.2,設定V,9.5,13.4,19.0,26.3,31.7
2026-07-19,SBﾆｭｰｷﾝｸﾞﾊﾅﾊﾅV-30,0367,1778,6,2,541,-379,222.2,889.0,設定1,25.8,23.6,20.7,17.1,12.8
2026-07-19,SBﾆｭｰｷﾝｸﾞﾊﾅﾊﾅV-30,0366,2100,5,4,552,-886,233.3,525.0,設定1,25.5,23.7,21.0,17.2,12.6
2026-07-19,SBﾆｭｰｷﾝｸﾞﾊﾅﾊﾅV-30,0365,7113,33,12,2097,1809,158.1,592.8,設定3,18.9,21.0,22.2,21.5,16.5
2026-07-19,SBﾆｭｰｷﾝｸﾞﾊﾅﾊﾅV-30,0364,2969,12,7,1592,460,156.3,424.1,設定4,17.2,18.9,20.7,21.9,21.4
2026-07-19,SBﾆｭｰｷﾝｸﾞﾊﾅﾊﾅV-30,0363,4326,14,9,917,-572,188.1,480.7,設定1,23.7,23.4,21.8,18.3,12.9
2026-07-19,SBﾆｭｰｷﾝｸﾞﾊﾅﾊﾅV-30,0362,8522,36,29,3721,2965,131.1,293.9,設定V,1.9,4.1,9.8,24.9,59.3
2026-07-19,SBﾆｭｰｷﾝｸﾞﾊﾅﾊﾅV-30,0361,2824,8,6,847,-712,201.7,470.7,設定1,23.8,23.0,21.3,18.2,13.7
2026-07-19,SBﾆｭｰｷﾝｸﾞﾊﾅﾊﾅV-30,0360,3116,10,5,1089,-631,207.7,623.2,設定1,26.8,24.5,21.1,16.5,11.1
2026-07-19,SBﾆｭｰｷﾝｸﾞﾊﾅﾊﾅV-30,0359,2767,11,5,1228,173,172.9,553.4,設定2,21.4,21.5,21.1,19.6,16.4
2026-07-19,SBﾆｭｰｷﾝｸﾞﾊﾅﾊﾅV-30,0358,6022,20,11,1510,-835,194.3,547.5,設定1,28.3,26.0,21.7,15.5,8.5
2026-07-19,SBﾆｭｰｷﾝｸﾞﾊﾅﾊﾅV-30,0357,3180,6,6,492,-1839,265.0,530.0,設定1,30.9,26.3,20.7,14.1,8.0
2026-07-19,SBﾆｭｰｷﾝｸﾞﾊﾅﾊﾅV-30,0356,4186,9,8,487,-2064,246.2,523.2,設定1,32.3,27.1,20.6,13.3,6.8
2026-07-19,SBﾆｭｰｷﾝｸﾞﾊﾅﾊﾅV-30,0355,5700,15,17,1531,-1160,178.1,335.3,設定4,17.0,19.8,22.2,22.3,18.8
2026-07-19,SBﾆｭｰｷﾝｸﾞﾊﾅﾊﾅV-30,0354,5229,19,6,958,-677,209.2,871.5,設定1,34.3,27.7,20.0,12.2,5.7
2026-07-19,SBﾆｭｰｷﾝｸﾞﾊﾅﾊﾅV-30,0353,2228,9,1,1563,-208,222.8,2228.0,設定1,29.1,25.1,20.4,15.3,10.0
2026-07-19,SBﾆｭｰｷﾝｸﾞﾊﾅﾊﾅV-30,0352,6023,24,11,1368,411,172.1,547.5,設定2,22.5,23.0,22.2,19.1,13.2
2026-07-19,SBﾆｭｰｷﾝｸﾞﾊﾅﾊﾅV-30,0351,9000,26,37,2091,210,142.9,243.2,設定V,1.8,4.1,10.3,25.5,58.3
2026-07-19,SBﾆｭｰｷﾝｸﾞﾊﾅﾊﾅV-30,0350,6200,31,8,2818,1955,159.0,775.0,設定2,22.1,22.5,21.9,19.6,14.0
2026-07-19,SBﾆｭｰｷﾝｸﾞﾊﾅﾊﾅV-30,0349,6703,21,20,972,-315,163.5,335.1,設定4,12.6,16.5,21.2,25.0,24.8
2026-07-19,SBﾆｭｰｷﾝｸﾞﾊﾅﾊﾅV-30,0348,7289,31,13,3634,1067,165.7,560.7,設定3,21.0,22.4,22.5,20.1,13.9
2026-07-19,SBﾆｭｰｷﾝｸﾞﾊﾅﾊﾅV-30,0347,6749,22,14,1721,-848,187.5,482.1,設定1,25.5,25.0,22.4,17.1,10.0
2026-07-19,SBﾆｭｰｷﾝｸﾞﾊﾅﾊﾅV-30,0346,2561,7,5,778,-783,213.4,512.2,設定1,25.0,23.6,21.1,17.5,12.8
2026-07-19,SBﾆｭｰｷﾝｸﾞﾊﾅﾊﾅV-30,0345,9697,38,19,1771,629,170.1,510.4,設定2,21.5,23.4,23.4,19.8,11.8
2026-07-19,SBﾆｭｰｷﾝｸﾞﾊﾅﾊﾅV-30,0344,7396,29,11,2129,31,184.9,672.4,設定1,30.2,26.9,21.5,14.4,7.0
2026-07-19,SBﾆｭｰｷﾝｸﾞﾊﾅﾊﾅV-30,0343,1621,1,4,522,-1457,324.2,405.2,設定1,26.2,23.9,20.9,16.8,12.2
2026-07-19,SBﾆｭｰｷﾝｸﾞﾊﾅﾊﾅV-30,0342,2627,10,3,1540,-200,202.1,875.7,設定1,26.7,24.2,20.9,16.6,11.6
2026-07-19,SBﾆｭｰｷﾝｸﾞﾊﾅﾊﾅV-30,0341,6517,36,14,5536,3847,130.3,465.5,設定V,7.1,10.6,16.6,26.8,39.0
2026-07-19,SBﾆｭｰｷﾝｸﾞﾊﾅﾊﾅV-30,0340,1213,4,0,425,-465,303.2,0,設定1,27.8,24.3,20.4,16.0,11.5
2026-07-19,SBﾆｭｰｷﾝｸﾞﾊﾅﾊﾅV-30,0339,5779,25,5,2069,287,192.6,1155.8,設定1,34.2,27.6,20.1,12.4,5.7
2026-07-19,SBﾆｭｰｷﾝｸﾞﾊﾅﾊﾅV-30,0338,7218,20,22,1119,-1094,171.9,328.1,設定4,14.1,18.0,22.1,24.2,21.6
2026-07-19,SBﾆｭｰｷﾝｸﾞﾊﾅﾊﾅV-30,0337,2007,7,1,754,-520,250.9,2007.0,設定1,29.6,25.3,20.4,15.0,9.7
2026-07-19,SBﾆｭｰｷﾝｸﾞﾊﾅﾊﾅV-30,0336,4932,13,9,866,-1739,224.2,548.0,設定1,31.9,27.1,20.8,13.4,6.7
2026-07-19,SBﾆｭｰｷﾝｸﾞﾊﾅﾊﾅV-30,0335,4556,15,8,886,-714,198.1,569.5,設定1,27.4,25.2,21.5,16.1,9.8
2026-07-19,SBﾆｭｰｷﾝｸﾞﾊﾅﾊﾅV-30,0334,7571,26,22,1640,278,157.7,344.1,設定V,10.5,14.7,20.4,26.2,28.1
2026-07-19,SBﾆｭｰｷﾝｸﾞﾊﾅﾊﾅV-30,0333,1512,7,1,912,178,189.0,1512.0,設定1,23.9,22.5,20.6,18.2,14.8
2026-07-19,SBﾆｭｰｷﾝｸﾞﾊﾅﾊﾅV-30,0332,6656,31,18,3960,2611,135.8,369.8,設定V,6.4,10.0,16.3,27.0,40.3
2026-07-19,SBﾆｭｰｷﾝｸﾞﾊﾅﾊﾅV-30,0331,8493,29,29,1914,822,146.4,292.9,設定V,4.4,8.0,15.1,27.8,44.7
2026-07-19,SBﾆｭｰｷﾝｸﾞﾊﾅﾊﾅV-30,0330,6003,21,15,1953,23,166.8,400.2,設定4,16.8,19.5,21.9,22.5,19.3
2026-07-19,SBﾆｭｰｷﾝｸﾞﾊﾅﾊﾅV-30,0329,4598,20,15,2578,1695,131.4,306.5,設定V,6.9,10.3,16.2,26.1,40.6
2026-07-19,SBﾆｭｰｷﾝｸﾞﾊﾅﾊﾅV-30,0328,7390,28,24,3211,1418,142.1,307.9,設定V,5.2,8.8,15.5,27.3,43.2
2026-07-19,SBﾆｭｰｷﾝｸﾞﾊﾅﾊﾅV-30,0327,2737,7,7,772,-771,195.5,391.0,設定2,21.7,21.9,21.3,19.3,15.7
2026-07-19,SBﾆｭｰｷﾝｸﾞﾊﾅﾊﾅV-30,0326,4729,19,9,1147,418,168.9,525.4,設定2,20.9,21.7,21.7,20.0,15.6
2026-07-19,SBﾆｭｰｷﾝｸﾞﾊﾅﾊﾅV-30,0325,5401,17,12,1305,-764,186.2,450.1,設定2,23.3,23.5,22.2,18.5,12.5
2026-07-19,SBﾆｭｰｷﾝｸﾞﾊﾅﾊﾅV-30,0324,3286,6,5,804,-2119,298.7,657.2,設定1,34.8,27.5,19.7,12.0,5.9
2026-07-19,SBﾆｭｰｷﾝｸﾞﾊﾅﾊﾅV-30,0323,5946,26,9,2827,883,169.9,660.7,設定1,23.9,23.7,22.0,18.3,12.1
2026-07-19,SBﾆｭｰｷﾝｸﾞﾊﾅﾊﾅV-30,0322,4291,17,11,2475,673,153.2,390.1,設定V,14.5,17.3,20.5,23.5,24.2
2026-07-19,SBﾆｭｰｷﾝｸﾞﾊﾅﾊﾅV-30,0321,2781,12,5,1780,466,163.6,556.2,設定3,20.1,20.7,21.0,20.3,17.9
2026-07-19,SBﾆｭｰｷﾝｸﾞﾊﾅﾊﾅV-30,0320,4035,14,6,947,-551,201.8,672.5,設定1,28.5,25.4,21.1,15.6,9.4
2026-07-19,SBﾆｭｰｷﾝｸﾞﾊﾅﾊﾅV-30,0319,5186,15,17,1415,-434,162.1,305.1,設定V,12.4,16.0,20.5,24.7,26.4
2026-07-18,SBﾆｭｰｷﾝｸﾞﾊﾅﾊﾅV-30,372,5409,12,14,835,-2075,208.0,386.4,設定1,25.5,24.8,22.3,17.1,10.4
2026-07-18,SBﾆｭｰｷﾝｸﾞﾊﾅﾊﾅV-30,371,4128,15,11,1595,279,158.8,375.3,設定4,15.4,18.0,20.8,23.0,22.7
2026-07-18,SBﾆｭｰｷﾝｸﾞﾊﾅﾊﾅV-30,370,6429,32,19,3851,3373,126.1,338.4,設定V,3.8,6.7,12.8,26.1,50.5
2026-07-18,SBﾆｭｰｷﾝｸﾞﾊﾅﾊﾅV-30,369,1805,3,2,336,-1353,361.0,902.5,設定1,30.7,25.8,20.3,14.4,8.9
2026-07-18,SBﾆｭｰｷﾝｸﾞﾊﾅﾊﾅV-30,368,7426,28,11,1300,-322,190.4,675.1,設定1,32.0,27.5,21.1,13.4,6.0
2026-07-18,SBﾆｭｰｷﾝｸﾞﾊﾅﾊﾅV-30,367,5145,15,11,1827,-1156,197.9,467.7,設定1,26.0,24.8,21.9,16.8,10.4
2026-07-18,SBﾆｭｰｷﾝｸﾞﾊﾅﾊﾅV-30,366,5780,20,18,1556,416,152.1,321.1,設定V,10.0,13.9,19.3,25.9,30.8
2026-07-18,SBﾆｭｰｷﾝｸﾞﾊﾅﾊﾅV-30,365,2020,7,3,1273,-279,202.0,673.3,設定1,24.3,22.9,20.9,17.9,13.9
2026-07-18,SBﾆｭｰｷﾝｸﾞﾊﾅﾊﾅV-30,364,5654,21,20,2024,1166,137.9,282.7,設定V,5.7,9.2,15.5,26.6,43.1
2026-07-18,SBﾆｭｰｷﾝｸﾞﾊﾅﾊﾅV-30,363,4484,14,9,1346,-795,195.0,498.2,設定1,25.5,24.3,21.7,17.2,11.3
2026-07-18,SBﾆｭｰｷﾝｸﾞﾊﾅﾊﾅV-30,362,3522,13,5,713,-268,195.7,704.4,設定1,26.9,24.6,21.2,16.5,10.9
2026-07-18,SBﾆｭｰｷﾝｸﾞﾊﾅﾊﾅV-30,361,3822,12,11,2068,-224,166.2,347.5,設定4,16.3,18.7,21.0,22.4,21.5
2026-07-18,SBﾆｭｰｷﾝｸﾞﾊﾅﾊﾅV-30,360,4528,17,8,1325,-51,181.1,566.0,設定1,24.2,23.5,21.7,18.1,12.5
2026-07-18,SBﾆｭｰｷﾝｸﾞﾊﾅﾊﾅV-30,359,3043,8,9,779,-631,179.0,338.1,設定3,18.6,20.0,21.2,21.1,19.1
2026-07-18,SBﾆｭｰｷﾝｸﾞﾊﾅﾊﾅV-30,358,8318,28,28,1790,627,148.5,297.1,設定V,5.2,9.0,16.1,27.9,41.8
2026-07-18,SBﾆｭｰｷﾝｸﾞﾊﾅﾊﾅV-30,357,5535,17,12,917,-953,190.9,461.2,設定1,24.8,24.3,22.2,17.6,11.2
2026-07-18,SBﾆｭｰｷﾝｸﾞﾊﾅﾊﾅV-30,356,2774,11,4,774,34,184.9,693.5,設定1,24.1,23.0,21.1,18.1,13.7
2026-07-18,SBﾆｭｰｷﾝｸﾞﾊﾅﾊﾅV-30,355,6600,27,11,2052,532,173.7,600.0,設定1,24.4,24.1,22.2,18.0,11.3
2026-07-18,SBﾆｭｰｷﾝｸﾞﾊﾅﾊﾅV-30,354,5912,15,12,988,-2110,219.0,492.7,設定1,31.8,27.4,21.1,13.3,6.3
2026-07-18,SBﾆｭｰｷﾝｸﾞﾊﾅﾊﾅV-30,353,2163,3,2,322,-1859,432.6,1081.5,設定1,34.8,27.2,19.5,12.1,6.4
2026-07-18,SBﾆｭｰｷﾝｸﾞﾊﾅﾊﾅV-30,352,4779,17,9,1872,-275,183.8,531.0,設定1,24.3,23.7,21.8,18.0,12.2
2026-07-18,SBﾆｭｰｷﾝｸﾞﾊﾅﾊﾅV-30,351,6760,30,18,2438,2152,140.8,375.6,設定V,7.7,11.6,17.7,26.9,36.1
2026-07-18,SBﾆｭｰｷﾝｸﾞﾊﾅﾊﾅV-30,350,1899,5,4,1019,-602,211.0,474.8,設定1,23.3,22.4,21.0,18.5,14.9
2026-07-18,SBﾆｭｰｷﾝｸﾞﾊﾅﾊﾅV-30,349,5887,24,14,2106,993,154.9,420.5,設定4,14.2,17.4,21.0,24.0,23.4
2026-07-18,SBﾆｭｰｷﾝｸﾞﾊﾅﾊﾅV-30,348,7176,28,18,1797,940,156.0,398.7,設定4,12.6,16.5,21.1,25.1,24.8
2026-07-18,SBﾆｭｰｷﾝｸﾞﾊﾅﾊﾅV-30,347,3802,11,5,1121,-1287,237.6,760.4,設定1,33.1,27.1,20.2,13.0,6.7
2026-07-18,SBﾆｭｰｷﾝｸﾞﾊﾅﾊﾅV-30,346,6052,19,12,1046,-1059,195.2,504.3,設定1,27.5,25.7,22.0,16.0,8.9
2026-07-18,SBﾆｭｰｷﾝｸﾞﾊﾅﾊﾅV-30,345,2703,7,6,979,-853,207.9,450.5,設定1,24.0,23.1,21.3,18.1,13.6
2026-07-18,SBﾆｭｰｷﾝｸﾞﾊﾅﾊﾅV-30,344,2926,8,2,539,-1376,292.6,1463.0,設定1,35.9,27.6,19.3,11.6,5.7
2026-07-18,SBﾆｭｰｷﾝｸﾞﾊﾅﾊﾅV-30,343,7136,23,10,2322,-1602,216.2,713.6,設定1,38.6,29.2,19.0,9.7,3.4
2026-07-18,SBﾆｭｰｷﾝｸﾞﾊﾅﾊﾅV-30,342,6989,30,10,2352,788,174.7,698.9,設定1,26.9,25.3,21.9,16.5,9.3
2026-07-18,SBﾆｭｰｷﾝｸﾞﾊﾅﾊﾅV-30,341,7749,35,24,3849,3095,131.3,322.9,設定V,3.1,5.9,12.2,26.3,52.6
2026-07-18,SBﾆｭｰｷﾝｸﾞﾊﾅﾊﾅV-30,340,8874,37,24,2536,2130,145.5,369.8,設定V,6.6,10.7,17.6,27.9,37.2
2026-07-18,SBﾆｭｰｷﾝｸﾞﾊﾅﾊﾅV-30,339,6782,24,21,1922,639,150.7,323.0,設定V,8.5,12.5,18.7,26.8,33.5
2026-07-18,SBﾆｭｰｷﾝｸﾞﾊﾅﾊﾅV-30,338,1060,1,2,313,-925,353.3,530.0,設定1,25.2,23.2,20.7,17.4,13.6
2026-07-18,SBﾆｭｰｷﾝｸﾞﾊﾅﾊﾅV-30,337,8068,36,21,3044,2566,141.5,384.2,設定V,6.7,10.6,17.2,27.6,37.9
2026-07-18,SBﾆｭｰｷﾝｸﾞﾊﾅﾊﾅV-30,336,6171,26,9,1748,566,176.3,685.7,設定1,26.4,24.9,21.8,16.8,10.0
2026-07-18,SBﾆｭｰｷﾝｸﾞﾊﾅﾊﾅV-30,335,2431,7,2,648,-989,270.1,1215.5,設定1,31.8,26.2,20.1,13.8,8.1
2026-07-18,SBﾆｭｰｷﾝｸﾞﾊﾅﾊﾅV-30,334,7087,27,15,1637,364,168.7,472.5,設定3,19.6,21.6,22.6,21.0,15.3
2026-07-18,SBﾆｭｰｷﾝｸﾞﾊﾅﾊﾅV-30,333,1982,6,3,968,-537,220.2,660.7,設定1,25.4,23.5,20.9,17.3,12.9
2026-07-18,SBﾆｭｰｷﾝｸﾞﾊﾅﾊﾅV-30,332,3755,9,9,852,-1325,208.6,417.2,設定1,24.8,23.9,21.7,17.6,12.1
2026-07-18,SBﾆｭｰｷﾝｸﾞﾊﾅﾊﾅV-30,331,5291,13,20,1033,-817,160.3,264.6,設定V,9.8,13.8,19.4,25.8,31.2
2026-07-18,SBﾆｭｰｷﾝｸﾞﾊﾅﾊﾅV-30,330,7313,24,20,1680,-240,166.2,365.6,設定4,14.3,18.1,22.0,24.1,21.4
2026-07-18,SBﾆｭｰｷﾝｸﾞﾊﾅﾊﾅV-30,329,2888,9,5,1534,-621,206.3,577.6,設定1,25.7,23.9,21.2,17.1,12.1
2026-07-18,SBﾆｭｰｷﾝｸﾞﾊﾅﾊﾅV-30,328,6676,25,12,1995,-69,180.4,556.3,設定1,25.6,24.8,22.2,17.2,10.2
2026-07-18,SBﾆｭｰｷﾝｸﾞﾊﾅﾊﾅV-30,327,4588,21,10,2793,1371,148.0,458.8,設定V,14.5,17.3,20.5,23.6,24.2
2026-07-18,SBﾆｭｰｷﾝｸﾞﾊﾅﾊﾅV-30,326,5844,19,13,1585,-636,182.6,449.5,設定2,22.7,23.2,22.4,18.9,12.8
2026-07-18,SBﾆｭｰｷﾝｸﾞﾊﾅﾊﾅV-30,325,3852,10,9,642,-1150,202.7,428.0,設定1,24.4,23.7,21.7,17.8,12.4
2026-07-18,SBﾆｭｰｷﾝｸﾞﾊﾅﾊﾅV-30,324,2147,8,1,803,-406,238.6,2147.0,設定1,29.7,25.3,20.4,15.0,9.6
2026-07-18,SBﾆｭｰｷﾝｸﾞﾊﾅﾊﾅV-30,323,7388,35,22,4450,3345,129.6,335.8,設定V,3.4,6.3,12.5,26.3,51.6
2026-07-18,SBﾆｭｰｷﾝｸﾞﾊﾅﾊﾅV-30,322,5178,18,13,1492,-7,167.0,398.3,設定4,17.2,19.6,21.7,22.2,19.4
2026-07-18,SBﾆｭｰｷﾝｸﾞﾊﾅﾊﾅV-30,321,1912,4,6,1075,-672,191.2,318.7,設定3,19.7,20.4,20.9,20.4,18.6
2026-07-18,SBﾆｭｰｷﾝｸﾞﾊﾅﾊﾅV-30,320,5587,20,13,1079,38,169.3,429.8,設定3,18.6,20.6,22.0,21.4,17.3
2026-07-18,SBﾆｭｰｷﾝｸﾞﾊﾅﾊﾅV-30,319,8996,37,20,3667,1438,157.8,449.8,設定4,14.0,17.9,22.1,24.7,21.3
2026-07-17,SBﾆｭｰｷﾝｸﾞﾊﾅﾊﾅV-30,372,3809,7,6,520,-2415,293.0,634.8,設定1,36.4,28.1,19.4,11.1,5.0
2026-07-17,SBﾆｭｰｷﾝｸﾞﾊﾅﾊﾅV-30,371,2688,7,1,651,-1482,336.0,2688.0,設定1,37.4,27.9,18.8,10.9,5.1
2026-07-17,SBﾆｭｰｷﾝｸﾞﾊﾅﾊﾅV-30,370,3957,18,7,1776,937,158.3,565.3,設定3,19.1,20.4,21.2,21.0,18.3
2026-07-17,SBﾆｭｰｷﾝｸﾞﾊﾅﾊﾅV-30,369,6823,22,20,2788,-172,162.5,341.1,設定4,12.4,16.4,21.1,25.1,25.0
2026-07-17,SBﾆｭｰｷﾝｸﾞﾊﾅﾊﾅV-30,368,1209,1,2,313,-1135,403.0,604.5,設定1,26.9,24.1,20.6,16.4,12.0
2026-07-17,SBﾆｭｰｷﾝｸﾞﾊﾅﾊﾅV-30,367,2003,8,2,690,-73,200.3,1001.5,設定1,25.3,23.4,20.8,17.4,13.1
2026-07-17,SBﾆｭｰｷﾝｸﾞﾊﾅﾊﾅV-30,366,3407,14,5,1273,205,179.3,681.4,設定1,24.1,23.1,21.3,18.1,13.4
2026-07-17,SBﾆｭｰｷﾝｸﾞﾊﾅﾊﾅV-30,365,2898,10,8,1152,66,161.0,362.2,設定4,16.8,18.7,20.7,22.1,21.8
2026-07-17,SBﾆｭｰｷﾝｸﾞﾊﾅﾊﾅV-30,364,2382,8,2,652,-608,238.2,1191.0,設定1,29.7,25.4,20.5,15.0,9.5
2026-07-17,SBﾆｭｰｷﾝｸﾞﾊﾅﾊﾅV-30,363,888,2,0,575,-630,444.0,0.0,設定1,27.1,24.0,20.4,16.3,12.1
2026-07-17,SBﾆｭｰｷﾝｸﾞﾊﾅﾊﾅV-30,362,7139,34,21,3572,3254,129.8,340.0,設定V,3.7,6.8,13.1,26.5,50.0
2026-07-17,SBﾆｭｰｷﾝｸﾞﾊﾅﾊﾅV-30,361,521,0,1,131,-605,521.0,521.0,設定1,23.2,22.0,20.5,18.4,15.9
2026-07-17,SBﾆｭｰｷﾝｸﾞﾊﾅﾊﾅV-30,360,910,1,3,378,-583,227.5,303.3,設定2,20.8,20.8,20.6,19.7,18.2
2026-07-17,SBﾆｭｰｷﾝｸﾞﾊﾅﾊﾅV-30,359,5600,21,17,2940,852,147.4,329.4,設定V,9.5,13.2,18.8,26.0,32.5
2026-07-17,SBﾆｭｰｷﾝｸﾞﾊﾅﾊﾅV-30,358,1826,8,2,1014,176,182.6,913.0,設定1,23.3,22.3,20.8,18.5,15.2
2026-07-17,SBﾆｭｰｷﾝｸﾞﾊﾅﾊﾅV-30,357,8220,30,23,1614,740,155.1,357.4,設定V,9.7,14.0,20.1,26.8,29.4
2026-07-17,SBﾆｭｰｷﾝｸﾞﾊﾅﾊﾅV-30,356,1057,5,0,920,67,211.4,0.0,設定1,24.4,22.7,20.5,17.8,14.6
2026-07-17,SBﾆｭｰｷﾝｸﾞﾊﾅﾊﾅV-30,355,2344,6,5,659,-788,213.1,468.8,設定1,24.1,23.0,21.1,18.0,13.7
2026-07-17,SBﾆｭｰｷﾝｸﾞﾊﾅﾊﾅV-30,354,6241,25,19,2690,1455,141.8,328.5,設定V,7.2,11.0,17.2,26.8,37.8
2026-07-17,SBﾆｭｰｷﾝｸﾞﾊﾅﾊﾅV-30,353,1724,7,0,834,-250,246.3,0.0,設定1,29.1,25.0,20.3,15.3,10.3
2026-07-17,SBﾆｭｰｷﾝｸﾞﾊﾅﾊﾅV-30,352,3861,15,9,1853,396,160.9,429.0,設定4,17.4,19.3,21.1,21.9,20.3
2026-07-17,SBﾆｭｰｷﾝｸﾞﾊﾅﾊﾅV-30,351,3652,11,5,1343,-1076,228.2,730.4,設定1,31.4,26.5,20.5,13.9,7.7
2026-07-17,SBﾆｭｰｷﾝｸﾞﾊﾅﾊﾅV-30,350,848,4,0,919,50,212.0,0.0,設定1,23.6,22.2,20.4,18.3,15.5
2026-07-17,SBﾆｭｰｷﾝｸﾞﾊﾅﾊﾅV-30,349,1416,3,1,477,-933,354.0,1416.0,設定1,29.0,25.0,20.4,15.3,10.4
2026-07-17,SBﾆｭｰｷﾝｸﾞﾊﾅﾊﾅV-30,348,7508,33,18,3694,2031,147.2,417.1,設定V,10.1,14.1,19.7,26.4,29.8
2026-07-17,SBﾆｭｰｷﾝｸﾞﾊﾅﾊﾅV-30,347,5953,26,9,2354,873,170.1,661.4,設定1,24.0,23.7,22.0,18.3,12.1
2026-07-17,SBﾆｭｰｷﾝｸﾞﾊﾅﾊﾅV-30,346,1376,8,1,968,682,152.9,1376.0,設定1,20.9,20.8,20.4,19.8,18.2
2026-07-17,SBﾆｭｰｷﾝｸﾞﾊﾅﾊﾅV-30,345,2935,7,7,914,-1051,209.6,419.3,設定1,23.9,23.2,21.4,18.1,13.4
2026-07-17,SBﾆｭｰｷﾝｸﾞﾊﾅﾊﾅV-30,344,930,3,0,607,-377,310.0,0.0,設定1,26.1,23.5,20.5,16.9,13.1
2026-07-17,SBﾆｭｰｷﾝｸﾞﾊﾅﾊﾅV-30,343,4319,19,7,1606,737,166.1,617.0,設定2,21.6,22.0,21.5,19.6,15.3
2026-07-17,SBﾆｭｰｷﾝｸﾞﾊﾅﾊﾅV-30,342,1382,5,2,643,-131,197.4,691.0,設定1,22.8,22.0,20.7,18.7,15.9
2026-07-17,SBﾆｭｰｷﾝｸﾞﾊﾅﾊﾅV-30,341,1231,2,3,318,-724,246.2,410.3,設定1,22.9,22.1,20.8,18.6,15.7
2026-07-17,SBﾆｭｰｷﾝｸﾞﾊﾅﾊﾅV-30,340,4021,10,7,1452,-1649,236.5,574.4,設定1,31.6,26.7,20.7,13.7,7.3
2026-07-17,SBﾆｭｰｷﾝｸﾞﾊﾅﾊﾅV-30,339,1638,3,1,754,-1247,409.5,1638.0,設定1,31.5,26.0,20.0,13.9,8.5
2026-07-17,SBﾆｭｰｷﾝｸﾞﾊﾅﾊﾅV-30,338,2745,11,7,1137,464,152.5,392.1,設定V,16.3,18.2,20.4,22.3,22.8
2026-07-17,SBﾆｭｰｷﾝｸﾞﾊﾅﾊﾅV-30,337,9628,43,27,4620,3327,137.5,356.6,設定V,3.5,6.7,13.5,27.6,48.7
2026-07-17,SBﾆｭｰｷﾝｸﾞﾊﾅﾊﾅV-30,336,1400,4,0,402,-729,350.0,0.0,設定1,30.0,25.3,20.2,14.8,9.7
2026-07-17,SBﾆｭｰｷﾝｸﾞﾊﾅﾊﾅV-30,335,1901,6,0,996,-812,316.8,0.0,設定1,32.7,26.4,19.8,13.4,7.8
2026-07-17,SBﾆｭｰｷﾝｸﾞﾊﾅﾊﾅV-30,334,3448,19,3,2141,1448,156.7,1149.3,設定1,22.4,22.0,21.0,19.2,15.4
2026-07-17,SBﾆｭｰｷﾝｸﾞﾊﾅﾊﾅV-30,333,5067,21,13,1547,1085,149.0,389.8,設定V,12.5,15.9,20.1,24.6,26.9
2026-07-17,SBﾆｭｰｷﾝｸﾞﾊﾅﾊﾅV-30,332,1738,7,3,769,119,173.8,579.3,設定1,21.1,21.1,20.7,19.6,17.4
2026-07-17,SBﾆｭｰｷﾝｸﾞﾊﾅﾊﾅV-30,331,3568,12,10,900,4,162.2,356.8,設定4,16.1,18.4,20.8,22.5,22.1
2026-07-17,SBﾆｭｰｷﾝｸﾞﾊﾅﾊﾅV-30,330,1849,6,5,1246,-89,168.1,369.8,設定4,18.7,19.7,20.6,20.9,20.1
2026-07-17,SBﾆｭｰｷﾝｸﾞﾊﾅﾊﾅV-30,329,1868,3,4,340,-1182,266.9,467.0,設定1,25.9,23.8,20.9,16.9,12.3
2026-07-17,SBﾆｭｰｷﾝｸﾞﾊﾅﾊﾅV-30,328,2193,7,5,1006,-263,182.8,438.6,設定2,20.9,21.2,21.0,19.8,17.1
2026-07-17,SBﾆｭｰｷﾝｸﾞﾊﾅﾊﾅV-30,327,5686,27,12,3099,1953,145.8,473.8,設定V,13.0,16.3,20.3,24.6,25.9
2026-07-17,SBﾆｭｰｷﾝｸﾞﾊﾅﾊﾅV-30,326,3735,16,11,2017,1146,138.3,339.5,設定V,10.9,14.1,18.7,24.9,31.4
2026-07-17,SBﾆｭｰｷﾝｸﾞﾊﾅﾊﾅV-30,325,2091,8,4,967,62,174.2,522.8,設定2,21.0,21.1,20.8,19.8,17.3
2026-07-17,SBﾆｭｰｷﾝｸﾞﾊﾅﾊﾅV-30,324,5011,22,10,2861,1086,156.6,501.1,設定4,17.3,19.4,21.3,22.2,19.8
2026-07-17,SBﾆｭｰｷﾝｸﾞﾊﾅﾊﾅV-30,323,2454,5,2,848,-1646,350.6,1227.0,設定1,35.1,27.3,19.4,12.0,6.2
2026-07-17,SBﾆｭｰｷﾝｸﾞﾊﾅﾊﾅV-30,322,4172,13,4,908,-1316,245.4,1043.0,設定1,36.9,28.1,19.2,11.0,4.9
2026-07-17,SBﾆｭｰｷﾝｸﾞﾊﾅﾊﾅV-30,321,1216,3,2,836,-521,243.2,608.0,設定1,23.9,22.6,20.7,18.1,14.8
2026-07-17,SBﾆｭｰｷﾝｸﾞﾊﾅﾊﾅV-30,320,5446,17,11,1411,-957,194.5,495.1,設定1,26.4,25.0,21.9,16.6,10.0
2026-07-17,SBﾆｭｰｷﾝｸﾞﾊﾅﾊﾅV-30,319,3980,15,10,1630,358,159.2,398.0,設定4,16.3,18.6,20.9,22.5,21.7
2026-07-16,SBﾆｭｰｷﾝｸﾞﾊﾅﾊﾅV-30,0372,5533,15,15,1174,-1184,184.4,368.9,設定3,20.0,21.7,22.4,20.4,15.4
2026-07-16,SBﾆｭｰｷﾝｸﾞﾊﾅﾊﾅV-30,0371,2540,10,1,1047,-337,230.9,2540.0,設定1,31.2,26.0,20.2,14.2,8.5
2026-07-16,SBﾆｭｰｷﾝｸﾞﾊﾅﾊﾅV-30,0370,2330,7,4,693,-586,211.8,582.5,設定1,25.1,23.5,21.0,17.5,12.9
2026-07-16,SBﾆｭｰｷﾝｸﾞﾊﾅﾊﾅV-30,0369,1645,3,2,322,-1127,329.0,822.5,設定1,28.8,25.0,20.5,15.4,10.3
2026-07-16,SBﾆｭｰｷﾝｸﾞﾊﾅﾊﾅV-30,0368,782,2,0,439,-480,391.0,0,設定1,25.9,23.4,20.4,17.0,13.3
2026-07-16,SBﾆｭｰｷﾝｸﾞﾊﾅﾊﾅV-30,0367,947,2,0,313,-713,473.5,0,設定1,27.8,24.3,20.4,16.0,11.5
2026-07-16,SBﾆｭｰｷﾝｸﾞﾊﾅﾊﾅV-30,0366,1609,6,3,943,-10,178.8,536.3,設定1,21.2,21.1,20.7,19.6,17.4
2026-07-16,SBﾆｭｰｷﾝｸﾞﾊﾅﾊﾅV-30,0365,4209,20,17,3231,2505,113.8,247.6,設定V,3.2,5.7,11.3,24.5,55.2
2026-07-16,SBﾆｭｰｷﾝｸﾞﾊﾅﾊﾅV-30,0364,1988,6,3,738,-545,220.9,662.7,設定1,25.4,23.5,20.9,17.3,12.9
2026-07-16,SBﾆｭｰｷﾝｸﾞﾊﾅﾊﾅV-30,0363,1391,3,0,599,-1028,463.7,0,設定1,31.5,25.9,19.9,14.0,8.7
2026-07-16,SBﾆｭｰｷﾝｸﾞﾊﾅﾊﾅV-30,0362,3877,10,11,788,-925,184.6,352.5,設定3,19.6,20.9,21.7,20.6,17.2
2026-07-16,SBﾆｭｰｷﾝｸﾞﾊﾅﾊﾅV-30,0361,1402,3,3,331,-654,233.7,467.3,設定1,23.3,22.3,20.8,18.4,15.1
2026-07-16,SBﾆｭｰｷﾝｸﾞﾊﾅﾊﾅV-30,0360,1062,4,1,897,-121,212.4,1062.0,設定1,23.3,22.2,20.6,18.4,15.6
2026-07-16,SBﾆｭｰｷﾝｸﾞﾊﾅﾊﾅV-30,0359,5713,21,14,2184,302,163.2,408.1,設定4,16.2,19.0,21.6,22.8,20.3
2026-07-16,SBﾆｭｰｷﾝｸﾞﾊﾅﾊﾅV-30,0358,1254,3,4,504,-315,179.1,313.5,設定4,19.1,19.8,20.5,20.6,20.0
2026-07-16,SBﾆｭｰｷﾝｸﾞﾊﾅﾊﾅV-30,0357,3187,13,6,1242,334,167.7,531.2,設定3,20.5,21.1,21.2,20.1,17.1
2026-07-16,SBﾆｭｰｷﾝｸﾞﾊﾅﾊﾅV-30,0356,928,1,1,326,-868,464.0,928.0,設定1,26.4,23.7,20.5,16.7,12.6
2026-07-16,SBﾆｭｰｷﾝｸﾞﾊﾅﾊﾅV-30,0355,6669,29,13,2429,1318,158.8,513.0,設定4,17.5,19.9,22.0,22.3,18.3
2026-07-16,SBﾆｭｰｷﾝｸﾞﾊﾅﾊﾅV-30,0354,8137,27,30,1764,831,142.8,271.2,設定V,3.3,6.4,13.1,27.0,50.2
2026-07-16,SBﾆｭｰｷﾝｸﾞﾊﾅﾊﾅV-30,0353,2931,13,6,1726,696,154.3,488.5,設定4,17.8,19.3,20.7,21.5,20.6
2026-07-16,SBﾆｭｰｷﾝｸﾞﾊﾅﾊﾅV-30,0352,2807,12,3,1568,169,187.1,935.7,設定1,25.7,23.7,21.0,17.2,12.4
2026-07-16,SBﾆｭｰｷﾝｸﾞﾊﾅﾊﾅV-30,0351,2216,6,5,670,-607,201.5,443.2,設定1,22.7,22.2,21.1,18.8,15.2
2026-07-16,SBﾆｭｰｷﾝｸﾞﾊﾅﾊﾅV-30,0350,7966,33,26,3451,2424,135.0,306.4,設定V,3.1,6.1,12.5,26.5,51.8
2026-07-16,SBﾆｭｰｷﾝｸﾞﾊﾅﾊﾅV-30,0349,1368,5,0,695,-372,273.6,0,設定1,28.1,24.5,20.4,15.9,11.2
2026-07-16,SBﾆｭｰｷﾝｸﾞﾊﾅﾊﾅV-30,0348,5803,24,17,2380,1501,141.5,341.4,設定V,8.2,11.9,17.8,26.4,35.7
2026-07-16,SBﾆｭｰｷﾝｸﾞﾊﾅﾊﾅV-30,0347,3098,8,8,962,-839,193.6,387.2,設定2,21.6,21.9,21.5,19.4,15.6
2026-07-16,SBﾆｭｰｷﾝｸﾞﾊﾅﾊﾅV-30,0346,4157,18,9,2270,914,154.0,461.9,設定4,16.4,18.6,20.9,22.5,21.6
2026-07-16,SBﾆｭｰｷﾝｸﾞﾊﾅﾊﾅV-30,0345,1133,4,2,598,-92,188.8,566.5,設定1,21.5,21.2,20.6,19.4,17.4
2026-07-16,SBﾆｭｰｷﾝｸﾞﾊﾅﾊﾅV-30,0344,3903,11,7,788,-1170,216.8,557.6,設定1,28.8,25.6,21.1,15.3,9.1
2026-07-16,SBﾆｭｰｷﾝｸﾞﾊﾅﾊﾅV-30,0343,3392,12,6,1505,-266,188.4,565.3,設定1,24.2,23.3,21.4,18.0,13.1
2026-07-16,SBﾆｭｰｷﾝｸﾞﾊﾅﾊﾅV-30,0342,302,1,0,321,-114,302.0,0,判定不能(G不足),21.9,21.2,20.3,19.1,17.6
2026-07-16,SBﾆｭｰｷﾝｸﾞﾊﾅﾊﾅV-30,0341,6229,25,12,1939,562,168.4,519.1,設定3,20.8,22.1,22.2,20.2,14.7
2026-07-16,SBﾆｭｰｷﾝｸﾞﾊﾅﾊﾅV-30,0340,759,2,1,317,-318,253.0,759.0,設定1,22.9,21.9,20.5,18.6,16.1
2026-07-16,SBﾆｭｰｷﾝｸﾞﾊﾅﾊﾅV-30,0339,7468,30,21,2332,1542,146.4,355.6,設定V,7.8,11.8,18.2,27.2,34.9
2026-07-16,SBﾆｭｰｷﾝｸﾞﾊﾅﾊﾅV-30,0338,1543,6,2,705,-47,192.9,771.5,設定1,23.1,22.1,20.7,18.6,15.5
2026-07-16,SBﾆｭｰｷﾝｸﾞﾊﾅﾊﾅV-30,0337,7179,29,21,2342,1638,143.6,341.9,設定V,6.9,10.8,17.3,27.2,37.8
2026-07-16,SBﾆｭｰｷﾝｸﾞﾊﾅﾊﾅV-30,0336,3724,10,6,781,-1359,232.8,620.7,設定1,31.0,26.4,20.7,14.1,7.8
2026-07-16,SBﾆｭｰｷﾝｸﾞﾊﾅﾊﾅV-30,0335,2604,10,6,1846,222,162.8,434.0,設定4,18.6,19.8,20.8,21.1,19.8
2026-07-16,SBﾆｭｰｷﾝｸﾞﾊﾅﾊﾅV-30,0334,1883,9,6,2098,928,125.5,313.8,設定V,12.9,15.4,18.9,23.6,29.2
2026-07-16,SBﾆｭｰｷﾝｸﾞﾊﾅﾊﾅV-30,0333,5086,16,14,1254,-371,169.5,363.3,設定4,16.6,19.2,21.6,22.5,20.1
2026-07-16,SBﾆｭｰｷﾝｸﾞﾊﾅﾊﾅV-30,0332,3933,16,12,1925,997,140.5,327.8,設定V,10.6,13.9,18.7,25.1,31.7
2026-07-16,SBﾆｭｰｷﾝｸﾞﾊﾅﾊﾅV-30,0331,6680,31,20,3764,2837,131.0,334.0,設定V,4.4,7.6,13.9,26.6,47.6
2026-07-16,SBﾆｭｰｷﾝｸﾞﾊﾅﾊﾅV-30,0330,1949,3,7,418,-906,194.9,278.4,設定3,19.0,20.1,20.9,20.7,19.3
2026-07-16,SBﾆｭｰｷﾝｸﾞﾊﾅﾊﾅV-30,0329,4362,17,10,2030,443,161.6,436.2,設定4,17.4,19.5,21.3,22.0,19.9
2026-07-16,SBﾆｭｰｷﾝｸﾞﾊﾅﾊﾅV-30,0328,2915,10,6,1458,-217,182.2,485.8,設定2,21.9,21.9,21.2,19.3,15.6
2026-07-16,SBﾆｭｰｷﾝｸﾞﾊﾅﾊﾅV-30,0327,4177,14,9,750,-361,181.6,464.1,設定2,22.1,22.4,21.7,19.2,14.5
2026-07-16,SBﾆｭｰｷﾝｸﾞﾊﾅﾊﾅV-30,0326,4472,20,9,1919,1093,154.2,496.9,設定4,16.9,19.0,21.0,22.3,20.8
2026-07-16,SBﾆｭｰｷﾝｸﾞﾊﾅﾊﾅV-30,0325,4888,19,8,1465,64,181.0,611.0,設定1,25.2,24.1,21.7,17.5,11.5
2026-07-16,SBﾆｭｰｷﾝｸﾞﾊﾅﾊﾅV-30,0324,3951,14,4,2179,-692,219.5,987.8,設定1,32.9,27.0,20.2,13.1,6.8
2026-07-16,SBﾆｭｰｷﾝｸﾞﾊﾅﾊﾅV-30,0323,4445,20,6,1424,741,171.0,740.8,設定1,24.1,23.3,21.5,18.2,12.9
2026-07-16,SBﾆｭｰｷﾝｸﾞﾊﾅﾊﾅV-30,0322,4359,16,6,936,-384,198.1,726.5,設定1,29.1,25.7,21.1,15.2,8.9
2026-07-16,SBﾆｭｰｷﾝｸﾞﾊﾅﾊﾅV-30,0321,733,1,0,313,-723,733.0,0,設定1,26.9,23.9,20.4,16.5,12.4
2026-07-16,SBﾆｭｰｷﾝｸﾞﾊﾅﾊﾅV-30,0320,4141,9,10,552,-1740,217.9,414.1,設定1,26.4,24.8,21.7,16.6,10.5
2026-07-16,SBﾆｭｰｷﾝｸﾞﾊﾅﾊﾅV-30,0319,5759,15,20,1449,-854,164.5,287.9,設定V,11.4,15.3,20.4,25.3,27.6
2026-07-15,SBﾆｭｰｷﾝｸﾞﾊﾅﾊﾅV-30,372,5533,15,15,1174,-1184,184.4,368.9,設定3,20.0,21.7,22.4,20.4,15.4
2026-07-15,SBﾆｭｰｷﾝｸﾞﾊﾅﾊﾅV-30,371,2540,10,1,1047,-337,230.9,2540.0,設定1,31.2,26.0,20.2,14.2,8.5
2026-07-15,SBﾆｭｰｷﾝｸﾞﾊﾅﾊﾅV-30,370,2330,7,4,693,-586,211.8,582.5,設定1,25.1,23.5,21.0,17.5,12.9
2026-07-15,SBﾆｭｰｷﾝｸﾞﾊﾅﾊﾅV-30,369,1645,3,2,322,-1127,329.0,822.5,設定1,28.8,25.0,20.5,15.4,10.3
2026-07-15,SBﾆｭｰｷﾝｸﾞﾊﾅﾊﾅV-30,368,782,2,0,439,-480,391.0,0.0,設定1,25.9,23.4,20.4,17.0,13.3
2026-07-15,SBﾆｭｰｷﾝｸﾞﾊﾅﾊﾅV-30,367,947,2,0,313,-713,473.5,0.0,設定1,27.8,24.3,20.4,16.0,11.5
2026-07-15,SBﾆｭｰｷﾝｸﾞﾊﾅﾊﾅV-30,366,1609,6,3,943,-10,178.8,536.3,設定1,21.2,21.1,20.7,19.6,17.4
2026-07-15,SBﾆｭｰｷﾝｸﾞﾊﾅﾊﾅV-30,365,4209,20,17,3231,2505,113.8,247.6,設定V,3.2,5.7,11.3,24.5,55.2
2026-07-15,SBﾆｭｰｷﾝｸﾞﾊﾅﾊﾅV-30,364,1988,6,3,738,-545,220.9,662.7,設定1,25.4,23.5,20.9,17.3,12.9
2026-07-15,SBﾆｭｰｷﾝｸﾞﾊﾅﾊﾅV-30,363,1391,3,0,599,-1028,463.7,0.0,設定1,31.5,25.9,19.9,14.0,8.7
2026-07-15,SBﾆｭｰｷﾝｸﾞﾊﾅﾊﾅV-30,362,3877,10,11,788,-925,184.6,352.5,設定3,19.6,20.9,21.7,20.6,17.2
2026-07-15,SBﾆｭｰｷﾝｸﾞﾊﾅﾊﾅV-30,361,1402,3,3,331,-654,233.7,467.3,設定1,23.3,22.3,20.8,18.4,15.1
2026-07-15,SBﾆｭｰｷﾝｸﾞﾊﾅﾊﾅV-30,360,1062,4,1,897,-121,212.4,1062.0,設定1,23.3,22.2,20.6,18.4,15.6
2026-07-15,SBﾆｭｰｷﾝｸﾞﾊﾅﾊﾅV-30,359,5713,21,14,2184,302,163.2,408.1,設定4,16.2,19.0,21.6,22.8,20.3
2026-07-15,SBﾆｭｰｷﾝｸﾞﾊﾅﾊﾅV-30,358,1254,3,4,504,-315,179.1,313.5,設定4,19.1,19.8,20.5,20.6,20.0
2026-07-15,SBﾆｭｰｷﾝｸﾞﾊﾅﾊﾅV-30,357,3187,13,6,1242,334,167.7,531.2,設定3,20.5,21.1,21.2,20.1,17.1
2026-07-15,SBﾆｭｰｷﾝｸﾞﾊﾅﾊﾅV-30,356,928,1,1,326,-868,464.0,928.0,設定1,26.4,23.7,20.5,16.7,12.6
2026-07-15,SBﾆｭｰｷﾝｸﾞﾊﾅﾊﾅV-30,355,6669,29,13,2429,1318,158.8,513.0,設定4,17.5,19.9,22.0,22.3,18.3
2026-07-15,SBﾆｭｰｷﾝｸﾞﾊﾅﾊﾅV-30,354,8137,27,30,1764,831,142.8,271.2,設定V,3.3,6.4,13.1,27.0,50.2
2026-07-15,SBﾆｭｰｷﾝｸﾞﾊﾅﾊﾅV-30,353,2931,13,6,1726,696,154.3,488.5,設定4,17.8,19.3,20.7,21.5,20.6
2026-07-15,SBﾆｭｰｷﾝｸﾞﾊﾅﾊﾅV-30,352,2807,12,3,1568,169,187.1,935.7,設定1,25.7,23.7,21.0,17.2,12.4
2026-07-15,SBﾆｭｰｷﾝｸﾞﾊﾅﾊﾅV-30,351,2216,6,5,670,-607,201.5,443.2,設定1,22.7,22.2,21.1,18.8,15.2
2026-07-15,SBﾆｭｰｷﾝｸﾞﾊﾅﾊﾅV-30,350,7966,33,26,3451,2424,135.0,306.4,設定V,3.1,6.1,12.5,26.5,51.8
2026-07-15,SBﾆｭｰｷﾝｸﾞﾊﾅﾊﾅV-30,349,1368,5,0,695,-372,273.6,0.0,設定1,28.1,24.5,20.4,15.9,11.2
2026-07-15,SBﾆｭｰｷﾝｸﾞﾊﾅﾊﾅV-30,348,5803,24,17,2380,1501,141.5,341.4,設定V,8.2,11.9,17.8,26.4,35.7
2026-07-15,SBﾆｭｰｷﾝｸﾞﾊﾅﾊﾅV-30,347,3098,8,8,962,-839,193.6,387.2,設定2,21.6,21.9,21.5,19.4,15.6
2026-07-15,SBﾆｭｰｷﾝｸﾞﾊﾅﾊﾅV-30,346,4157,18,9,2270,914,154.0,461.9,設定4,16.4,18.6,20.9,22.5,21.6
2026-07-15,SBﾆｭｰｷﾝｸﾞﾊﾅﾊﾅV-30,345,1133,4,2,598,-92,188.8,566.5,設定1,21.5,21.2,20.6,19.4,17.4
2026-07-15,SBﾆｭｰｷﾝｸﾞﾊﾅﾊﾅV-30,344,3903,11,7,788,-1170,216.8,557.6,設定1,28.8,25.6,21.1,15.3,9.1
2026-07-15,SBﾆｭｰｷﾝｸﾞﾊﾅﾊﾅV-30,343,3392,12,6,1505,-266,188.4,565.3,設定1,24.2,23.3,21.4,18.0,13.1
2026-07-15,SBﾆｭｰｷﾝｸﾞﾊﾅﾊﾅV-30,342,302,1,0,321,-114,302.0,0.0,判定不能(G不足),21.9,21.2,20.3,19.1,17.6
2026-07-15,SBﾆｭｰｷﾝｸﾞﾊﾅﾊﾅV-30,341,6229,25,12,1939,562,168.4,519.1,設定3,20.8,22.1,22.2,20.2,14.7
2026-07-15,SBﾆｭｰｷﾝｸﾞﾊﾅﾊﾅV-30,340,759,2,1,317,-318,253.0,759.0,設定1,22.9,21.9,20.5,18.6,16.1
2026-07-15,SBﾆｭｰｷﾝｸﾞﾊﾅﾊﾅV-30,339,7468,30,21,2332,1542,146.4,355.6,設定V,7.8,11.8,18.2,27.2,34.9
2026-07-15,SBﾆｭｰｷﾝｸﾞﾊﾅﾊﾅV-30,338,1543,6,2,705,-47,192.9,771.5,設定1,23.1,22.1,20.7,18.6,15.5
2026-07-15,SBﾆｭｰｷﾝｸﾞﾊﾅﾊﾅV-30,337,7179,29,21,2342,1638,143.6,341.9,設定V,6.9,10.8,17.3,27.2,37.8
2026-07-15,SBﾆｭｰｷﾝｸﾞﾊﾅﾊﾅV-30,336,3724,10,6,781,-1359,232.8,620.7,設定1,31.0,26.4,20.7,14.1,7.8
2026-07-15,SBﾆｭｰｷﾝｸﾞﾊﾅﾊﾅV-30,335,2604,10,6,1846,222,162.8,434.0,設定4,18.6,19.8,20.8,21.1,19.8
2026-07-15,SBﾆｭｰｷﾝｸﾞﾊﾅﾊﾅV-30,334,1883,9,6,2098,928,125.5,313.8,設定V,12.9,15.4,18.9,23.6,29.2
2026-07-15,SBﾆｭｰｷﾝｸﾞﾊﾅﾊﾅV-30,333,5086,16,14,1254,-371,169.5,363.3,設定4,16.6,19.2,21.6,22.5,20.1
2026-07-15,SBﾆｭｰｷﾝｸﾞﾊﾅﾊﾅV-30,332,3933,16,12,1925,997,140.5,327.8,設定V,10.6,13.9,18.7,25.1,31.7
2026-07-15,SBﾆｭｰｷﾝｸﾞﾊﾅﾊﾅV-30,331,6680,31,20,3764,2837,131.0,334.0,設定V,4.4,7.6,13.9,26.6,47.6
2026-07-15,SBﾆｭｰｷﾝｸﾞﾊﾅﾊﾅV-30,330,1949,3,7,418,-906,194.9,278.4,設定3,19.0,20.1,20.9,20.7,19.3
2026-07-15,SBﾆｭｰｷﾝｸﾞﾊﾅﾊﾅV-30,329,4362,17,10,2030,443,161.6,436.2,設定4,17.4,19.5,21.3,22.0,19.9
2026-07-15,SBﾆｭｰｷﾝｸﾞﾊﾅﾊﾅV-30,328,2915,10,6,1458,-217,182.2,485.8,設定2,21.9,21.9,21.2,19.3,15.6
2026-07-15,SBﾆｭｰｷﾝｸﾞﾊﾅﾊﾅV-30,327,4177,14,9,750,-361,181.6,464.1,設定2,22.1,22.4,21.7,19.2,14.5
2026-07-15,SBﾆｭｰｷﾝｸﾞﾊﾅﾊﾅV-30,326,4472,20,9,1919,1093,154.2,496.9,設定4,16.9,19.0,21.0,22.3,20.8
2026-07-15,SBﾆｭｰｷﾝｸﾞﾊﾅﾊﾅV-30,325,4888,19,8,1465,64,181.0,611.0,設定1,25.2,24.1,21.7,17.5,11.5
2026-07-15,SBﾆｭｰｷﾝｸﾞﾊﾅﾊﾅV-30,324,3951,14,4,2179,-692,219.5,987.8,設定1,32.9,27.0,20.2,13.1,6.8
2026-07-15,SBﾆｭｰｷﾝｸﾞﾊﾅﾊﾅV-30,323,4445,20,6,1424,741,171.0,740.8,設定1,24.1,23.3,21.5,18.2,12.9
2026-07-15,SBﾆｭｰｷﾝｸﾞﾊﾅﾊﾅV-30,322,4359,16,6,936,-384,198.1,726.5,設定1,29.1,25.7,21.1,15.2,8.9
2026-07-15,SBﾆｭｰｷﾝｸﾞﾊﾅﾊﾅV-30,321,733,1,0,313,-723,733.0,0.0,設定1,26.9,23.9,20.4,16.5,12.4
2026-07-15,SBﾆｭｰｷﾝｸﾞﾊﾅﾊﾅV-30,320,4141,9,10,552,-1740,217.9,414.1,設定1,26.4,24.8,21.7,16.6,10.5
2026-07-15,SBﾆｭｰｷﾝｸﾞﾊﾅﾊﾅV-30,319,5759,15,20,1449,-854,164.5,287.9,設定V,11.4,15.3,20.4,25.3,27.6
2026-07-14,SBﾆｭｰｷﾝｸﾞﾊﾅﾊﾅV-30,372,4972,12,16,776,-1198,177.6,310.8,設定4,16.1,19.0,21.7,22.7,20.5
2026-07-14,SBﾆｭｰｷﾝｸﾞﾊﾅﾊﾅV-30,371,2663,9,5,1069,-303,190.2,532.6,設定1,23.2,22.6,21.2,18.5,14.5
2026-07-14,SBﾆｭｰｷﾝｸﾞﾊﾅﾊﾅV-30,370,789,1,1,321,-672,394.5,789.0,設定1,24.8,22.9,20.6,17.6,14.2
2026-07-14,SBﾆｭｰｷﾝｸﾞﾊﾅﾊﾅV-30,369,3202,8,5,728,-1376,246.3,640.4,設定1,30.8,26.2,20.6,14.2,8.2
2026-07-14,SBﾆｭｰｷﾝｸﾞﾊﾅﾊﾅV-30,368,3400,12,10,1606,241,154.5,340.0,設定V,14.5,17.2,20.3,23.3,24.7
2026-07-14,SBﾆｭｰｷﾝｸﾞﾊﾅﾊﾅV-30,367,3948,10,10,1376,-1156,197.4,394.8,設定2,22.8,22.9,21.8,18.7,13.7
2026-07-14,SBﾆｭｰｷﾝｸﾞﾊﾅﾊﾅV-30,366,5576,20,17,2038,574,150.7,328.0,設定V,10.2,14.0,19.3,25.7,30.7
2026-07-14,SBﾆｭｰｷﾝｸﾞﾊﾅﾊﾅV-30,365,6632,25,13,1369,122,174.5,510.2,設定2,22.5,23.2,22.5,19.1,12.7
2026-07-14,SBﾆｭｰｷﾝｸﾞﾊﾅﾊﾅV-30,364,892,4,1,602,118,178.4,892.0,設定1,21.4,21.0,20.4,19.4,17.8
2026-07-14,SBﾆｭｰｷﾝｸﾞﾊﾅﾊﾅV-30,363,3640,21,9,3358,2580,121.3,404.4,設定V,8.7,11.9,17.0,25.4,36.9
2026-07-14,SBﾆｭｰｷﾝｸﾞﾊﾅﾊﾅV-30,362,976,1,4,518,-546,195.2,244.0,設定4,19.0,19.7,20.4,20.6,20.3
2026-07-14,SBﾆｭｰｷﾝｸﾞﾊﾅﾊﾅV-30,361,5797,22,20,1408,1276,138.0,289.9,設定V,5.7,9.2,15.6,26.7,42.8
2026-07-14,SBﾆｭｰｷﾝｸﾞﾊﾅﾊﾅV-30,360,1525,5,0,1165,-593,305.0,0.0,設定1,29.9,25.3,20.2,14.9,9.8
2026-07-14,SBﾆｭｰｷﾝｸﾞﾊﾅﾊﾅV-30,359,5953,19,13,1178,-790,186.0,457.9,設定2,23.8,23.9,22.4,18.2,11.7
2026-07-14,SBﾆｭｰｷﾝｸﾞﾊﾅﾊﾅV-30,358,3218,13,10,2091,810,139.9,321.8,設定V,11.8,14.8,19.0,24.4,29.9
2026-07-14,SBﾆｭｰｷﾝｸﾞﾊﾅﾊﾅV-30,357,1799,8,2,1000,215,179.9,899.5,設定1,23.0,22.1,20.7,18.7,15.5
2026-07-14,SBﾆｭｰｷﾝｸﾞﾊﾅﾊﾅV-30,356,877,0,1,131,-1108,877.0,877.0,設定1,27.3,24.2,20.5,16.2,11.8
2026-07-14,SBﾆｭｰｷﾝｸﾞﾊﾅﾊﾅV-30,355,4310,15,10,1044,-107,172.4,431.0,設定3,19.6,20.9,21.6,20.7,17.1
2026-07-14,SBﾆｭｰｷﾝｸﾞﾊﾅﾊﾅV-30,354,4247,16,6,1163,-226,193.0,707.8,設定1,27.8,25.2,21.2,15.9,9.8
2026-07-14,SBﾆｭｰｷﾝｸﾞﾊﾅﾊﾅV-30,353,2633,8,3,868,-832,239.4,877.7,設定1,29.8,25.6,20.6,14.9,9.2
2026-07-14,SBﾆｭｰｷﾝｸﾞﾊﾅﾊﾅV-30,352,2558,8,6,970,-336,182.7,426.3,設定2,20.9,21.3,21.1,19.8,16.9
2026-07-14,SBﾆｭｰｷﾝｸﾞﾊﾅﾊﾅV-30,351,992,3,0,616,-465,330.7,0.0,設定1,26.8,23.8,20.4,16.5,12.4
2026-07-14,SBﾆｭｰｷﾝｸﾞﾊﾅﾊﾅV-30,350,6547,29,16,2344,1881,145.5,409.2,設定V,10.3,14.1,19.4,26.0,30.1
2026-07-14,SBﾆｭｰｷﾝｸﾞﾊﾅﾊﾅV-30,349,7582,37,19,3650,3305,135.4,399.1,設定V,5.9,9.5,16.0,27.3,41.3
2026-07-14,SBﾆｭｰｷﾝｸﾞﾊﾅﾊﾅV-30,348,3826,12,12,1054,-99,159.4,318.8,設定V,14.2,17.0,20.4,23.5,24.8
2026-07-14,SBﾆｭｰｷﾝｸﾞﾊﾅﾊﾅV-30,347,5166,17,16,1162,87,156.5,322.9,設定V,12.0,15.5,20.1,24.9,27.5
2026-07-14,SBﾆｭｰｷﾝｸﾞﾊﾅﾊﾅV-30,346,1660,6,1,976,-342,237.1,1660.0,設定1,27.1,24.2,20.6,16.4,11.8
2026-07-14,SBﾆｭｰｷﾝｸﾞﾊﾅﾊﾅV-30,345,5257,27,11,3242,2429,138.3,477.9,設定V,11.4,14.7,19.3,25.2,29.5
2026-07-14,SBﾆｭｰｷﾝｸﾞﾊﾅﾊﾅV-30,344,5525,17,11,1628,-1069,197.3,502.3,設定1,27.3,25.4,21.8,16.1,9.3
2026-07-14,SBﾆｭｰｷﾝｸﾞﾊﾅﾊﾅV-30,343,3306,6,8,495,-1757,236.1,413.2,設定1,26.9,24.8,21.4,16.3,10.6
2026-07-14,SBﾆｭｰｷﾝｸﾞﾊﾅﾊﾅV-30,342,4748,20,11,1838,963,153.2,431.6,設定4,15.0,17.8,20.8,23.3,23.1
2026-07-14,SBﾆｭｰｷﾝｸﾞﾊﾅﾊﾅV-30,341,1363,6,1,1099,76,194.7,1363.0,設定1,23.7,22.4,20.6,18.2,15.0
2026-07-14,SBﾆｭｰｷﾝｸﾞﾊﾅﾊﾅV-30,340,2906,12,3,1172,29,193.7,968.7,設定1,26.8,24.3,20.9,16.6,11.4
2026-07-14,SBﾆｭｰｷﾝｸﾞﾊﾅﾊﾅV-30,339,3686,13,6,1143,-370,194.0,614.3,設定1,26.0,24.3,21.3,17.0,11.4
2026-07-14,SBﾆｭｰｷﾝｸﾞﾊﾅﾊﾅV-30,338,514,1,0,315,-413,514.0,0.0,設定1,24.3,22.6,20.4,17.8,14.9
2026-07-14,SBﾆｭｰｷﾝｸﾞﾊﾅﾊﾅV-30,337,9327,41,19,4093,2088,155.4,490.9,設定4,14.3,18.1,22.2,24.6,20.8
2026-07-14,SBﾆｭｰｷﾝｸﾞﾊﾅﾊﾅV-30,336,3655,12,9,1662,-248,174.0,406.1,設定3,19.4,20.7,21.4,20.7,17.8
2026-07-14,SBﾆｭｰｷﾝｸﾞﾊﾅﾊﾅV-30,335,5675,30,17,3834,3554,120.7,333.8,設定V,3.7,6.5,12.4,25.6,51.9
2026-07-14,SBﾆｭｰｷﾝｸﾞﾊﾅﾊﾅV-30,334,5566,22,10,2154,302,173.9,556.6,設定2,23.0,23.2,22.0,18.8,13.0
2026-07-14,SBﾆｭｰｷﾝｸﾞﾊﾅﾊﾅV-30,333,3275,19,6,2679,2082,131.0,545.8,設定V,13.5,16.0,19.4,23.7,27.4
2026-07-14,SBﾆｭｰｷﾝｸﾞﾊﾅﾊﾅV-30,332,1928,6,5,1125,-201,175.3,385.6,設定3,19.5,20.3,20.7,20.5,19.0
2026-07-14,SBﾆｭｰｷﾝｸﾞﾊﾅﾊﾅV-30,331,2258,7,6,820,-225,173.7,376.3,設定3,19.1,20.1,20.8,20.7,19.2
2026-07-14,SBﾆｭｰｷﾝｸﾞﾊﾅﾊﾅV-30,330,4009,17,6,2024,421,174.3,668.2,設定1,23.7,23.1,21.4,18.4,13.4
2026-07-14,SBﾆｭｰｷﾝｸﾞﾊﾅﾊﾅV-30,329,3125,15,8,2364,1306,135.9,390.6,設定V,12.7,15.5,19.2,24.0,28.5
2026-07-14,SBﾆｭｰｷﾝｸﾞﾊﾅﾊﾅV-30,328,5886,21,15,2001,188,163.5,392.4,設定4,15.7,18.6,21.6,23.2,20.9
2026-07-14,SBﾆｭｰｷﾝｸﾞﾊﾅﾊﾅV-30,327,1565,4,4,634,-442,195.6,391.2,設定2,21.0,21.1,20.8,19.6,17.5
2026-07-14,SBﾆｭｰｷﾝｸﾞﾊﾅﾊﾅV-30,326,6890,18,9,1051,-2945,255.2,765.6,設定1,45.4,29.9,16.3,6.7,1.8
2026-07-14,SBﾆｭｰｷﾝｸﾞﾊﾅﾊﾅV-30,325,4343,13,9,960,-908,197.4,482.6,設定1,25.4,24.2,21.7,17.3,11.4
2026-07-14,SBﾆｭｰｷﾝｸﾞﾊﾅﾊﾅV-30,324,7819,40,29,5533,5206,113.3,269.6,設定V,0.5,1.4,4.6,18.1,75.4
2026-07-14,SBﾆｭｰｷﾝｸﾞﾊﾅﾊﾅV-30,323,3220,11,5,1211,-465,201.2,644.0,設定1,26.5,24.3,21.2,16.7,11.3
2026-07-14,SBﾆｭｰｷﾝｸﾞﾊﾅﾊﾅV-30,322,6197,18,13,948,-1446,199.9,476.7,設定1,27.9,26.0,22.0,15.6,8.5
2026-07-14,SBﾆｭｰｷﾝｸﾞﾊﾅﾊﾅV-30,321,7454,39,24,5628,4759,118.3,310.6,設定V,1.3,3.0,7.8,22.5,65.3
2026-07-14,SBﾆｭｰｷﾝｸﾞﾊﾅﾊﾅV-30,320,1150,3,3,443,-298,191.7,383.3,設定2,20.5,20.7,20.6,19.9,18.4
2026-07-14,SBﾆｭｰｷﾝｸﾞﾊﾅﾊﾅV-30,319,4790,20,5,1283,124,191.6,958.0,設定1,30.6,26.3,20.8,14.4,7.9
2026-07-13,SBﾆｭｰｷﾝｸﾞﾊﾅﾊﾅV-30,372,4430,18,11,1620,789,152.8,402.7,設定V,14.5,17.4,20.6,23.5,24.0
2026-07-13,SBﾆｭｰｷﾝｸﾞﾊﾅﾊﾅV-30,371,1432,4,4,683,-254,179.0,358.0,設定3,19.6,20.2,20.6,20.4,19.3
2026-07-13,SBﾆｭｰｷﾝｸﾞﾊﾅﾊﾅV-30,370,6132,23,11,1264,-54,180.4,557.5,設定1,25.1,24.5,22.1,17.5,10.8
2026-07-13,SBﾆｭｰｷﾝｸﾞﾊﾅﾊﾅV-30,369,1603,3,5,647,-678,200.4,320.6,設定3,20.3,20.7,20.8,20.0,18.1
2026-07-13,SBﾆｭｰｷﾝｸﾞﾊﾅﾊﾅV-30,368,1594,4,2,1032,-743,265.7,797.0,設定1,26.7,24.0,20.7,16.6,12.0
2026-07-13,SBﾆｭｰｷﾝｸﾞﾊﾅﾊﾅV-30,367,2561,10,3,930,-107,197.0,853.7,設定1,25.9,23.8,20.9,17.1,12.3
2026-07-13,SBﾆｭｰｷﾝｸﾞﾊﾅﾊﾅV-30,366,3758,14,7,1520,-29,179.0,536.9,設定1,22.7,22.6,21.5,18.9,14.3
2026-07-13,SBﾆｭｰｷﾝｸﾞﾊﾅﾊﾅV-30,365,3821,15,10,1511,583,152.8,382.1,設定V,14.8,17.4,20.4,23.3,24.2
2026-07-13,SBﾆｭｰｷﾝｸﾞﾊﾅﾊﾅV-30,364,7438,31,19,2233,1636,148.8,391.5,設定V,9.8,13.8,19.6,26.5,30.3
2026-07-13,SBﾆｭｰｷﾝｸﾞﾊﾅﾊﾅV-30,363,849,3,0,466,-263,283.0,0.0,設定1,25.1,23.0,20.5,17.4,14.0
2026-07-13,SBﾆｭｰｷﾝｸﾞﾊﾅﾊﾅV-30,362,5090,19,14,1861,558,154.2,363.6,設定V,13.0,16.3,20.4,24.4,25.9
2026-07-13,SBﾆｭｰｷﾝｸﾞﾊﾅﾊﾅV-30,361,4586,13,8,1319,-1381,218.4,573.2,設定1,30.8,26.6,21.0,14.1,7.6
2026-07-13,SBﾆｭｰｷﾝｸﾞﾊﾅﾊﾅV-30,360,4889,19,7,1269,-67,188.0,698.4,設定1,27.9,25.3,21.4,15.9,9.5
2026-07-13,SBﾆｭｰｷﾝｸﾞﾊﾅﾊﾅV-30,359,1733,3,5,497,-861,216.6,346.6,設定1,21.7,21.6,21.0,19.2,16.4
2026-07-13,SBﾆｭｰｷﾝｸﾞﾊﾅﾊﾅV-30,358,7124,25,22,3017,598,151.6,323.8,設定V,8.4,12.5,18.8,26.9,33.5
2026-07-13,SBﾆｭｰｷﾝｸﾞﾊﾅﾊﾅV-30,357,1302,4,2,586,-330,217.0,651.0,設定1,23.4,22.3,20.7,18.4,15.3
2026-07-13,SBﾆｭｰｷﾝｸﾞﾊﾅﾊﾅV-30,356,7220,29,21,2573,1580,144.4,343.8,設定V,7.1,11.1,17.5,27.2,37.1
2026-07-13,SBﾆｭｰｷﾝｸﾞﾊﾅﾊﾅV-30,355,5054,16,11,713,-716,187.2,459.5,設定1,23.6,23.5,22.1,18.3,12.5
2026-07-13,SBﾆｭｰｷﾝｸﾞﾊﾅﾊﾅV-30,354,4823,14,8,897,-1404,219.2,602.9,設定1,31.9,27.0,20.7,13.5,6.9
2026-07-13,SBﾆｭｰｷﾝｸﾞﾊﾅﾊﾅV-30,353,3176,12,9,1537,428,151.2,352.9,設定V,14.6,17.2,20.2,23.2,24.9
2026-07-13,SBﾆｭｰｷﾝｸﾞﾊﾅﾊﾅV-30,352,3708,11,10,795,-505,176.6,370.8,設定3,18.9,20.4,21.4,21.0,18.3
2026-07-13,SBﾆｭｰｷﾝｸﾞﾊﾅﾊﾅV-30,351,1502,3,4,534,-665,214.6,375.5,設定1,21.8,21.6,20.8,19.2,16.6
2026-07-13,SBﾆｭｰｷﾝｸﾞﾊﾅﾊﾅV-30,350,3352,15,7,2164,855,152.4,478.9,設定4,17.0,18.8,20.7,22.0,21.4
2026-07-13,SBﾆｭｰｷﾝｸﾞﾊﾅﾊﾅV-30,349,4940,22,13,2416,1576,141.1,380.0,設定V,10.5,13.9,18.9,25.4,31.3
2026-07-13,SBﾆｭｰｷﾝｸﾞﾊﾅﾊﾅV-30,348,1748,3,3,439,-1142,291.3,582.7,設定1,27.3,24.4,20.7,16.2,11.4
2026-07-13,SBﾆｭｰｷﾝｸﾞﾊﾅﾊﾅV-30,347,4202,12,10,1186,-890,191.0,420.2,設定2,22.7,22.8,21.9,18.8,13.8
2026-07-13,SBﾆｭｰｷﾝｸﾞﾊﾅﾊﾅV-30,346,926,2,2,545,-423,231.5,463.0,設定1,22.1,21.5,20.6,19.0,16.8
2026-07-13,SBﾆｭｰｷﾝｸﾞﾊﾅﾊﾅV-30,345,6509,27,14,2890,1050,158.8,464.9,設定4,16.2,19.1,21.8,23.0,20.0
2026-07-13,SBﾆｭｰｷﾝｸﾞﾊﾅﾊﾅV-30,344,3073,11,2,1228,-648,236.4,1536.5,設定1,33.0,26.7,19.9,13.2,7.2
2026-07-13,SBﾆｭｰｷﾝｸﾞﾊﾅﾊﾅV-30,343,1360,4,4,792,-152,170.0,340.0,設定4,18.8,19.7,20.4,20.8,20.3
2026-07-13,SBﾆｭｰｷﾝｸﾞﾊﾅﾊﾅV-30,342,2078,10,0,1102,185,207.8,0.0,設定1,28.6,24.8,20.4,15.7,10.6
2026-07-13,SBﾆｭｰｷﾝｸﾞﾊﾅﾊﾅV-30,341,1805,5,4,853,-469,200.6,451.2,設定1,22.2,21.8,20.9,19.0,16.0
2026-07-13,SBﾆｭｰｷﾝｸﾞﾊﾅﾊﾅV-30,340,6545,29,7,1881,713,181.8,935.0,設定1,31.4,26.9,20.9,13.9,6.9
2026-07-13,SBﾆｭｰｷﾝｸﾞﾊﾅﾊﾅV-30,339,3366,7,7,840,-1660,240.4,480.9,設定1,28.8,25.6,21.1,15.3,9.3
2026-07-13,SBﾆｭｰｷﾝｸﾞﾊﾅﾊﾅV-30,338,1093,5,0,545,16,218.6,0.0,設定1,24.9,22.9,20.5,17.6,14.1
2026-07-13,SBﾆｭｰｷﾝｸﾞﾊﾅﾊﾅV-30,337,7656,26,13,2125,-1011,196.3,588.9,設定1,32.1,27.8,21.2,13.1,5.7
2026-07-13,SBﾆｭｰｷﾝｸﾞﾊﾅﾊﾅV-30,336,7343,31,11,1727,730,174.8,667.5,設定1,26.7,25.4,22.1,16.6,9.3
2026-07-13,SBﾆｭｰｷﾝｸﾞﾊﾅﾊﾅV-30,335,1154,3,3,592,-303,192.3,384.7,設定2,20.6,20.7,20.6,19.9,18.3
2026-07-13,SBﾆｭｰｷﾝｸﾞﾊﾅﾊﾅV-30,334,7261,27,18,2454,508,161.4,403.4,設定4,14.5,18.1,21.8,24.1,21.5
2026-07-13,SBﾆｭｰｷﾝｸﾞﾊﾅﾊﾅV-30,333,1220,3,0,477,-787,406.7,0.0,設定1,29.5,25.1,20.2,15.1,10.2
2026-07-13,SBﾆｭｰｷﾝｸﾞﾊﾅﾊﾅV-30,332,5512,24,14,2174,1522,145.1,393.7,設定V,11.0,14.6,19.5,25.4,29.5
2026-07-13,SBﾆｭｰｷﾝｸﾞﾊﾅﾊﾅV-30,331,6714,31,16,3515,2269,142.9,419.6,設定V,9.6,13.4,19.0,26.3,31.7
2026-07-13,SBﾆｭｰｷﾝｸﾞﾊﾅﾊﾅV-30,330,1667,4,3,405,-716,238.1,555.7,設定1,24.8,23.2,20.9,17.6,13.6
2026-07-13,SBﾆｭｰｷﾝｸﾞﾊﾅﾊﾅV-30,329,3847,8,12,1142,-1377,192.3,320.6,設定3,19.6,21.0,21.8,20.6,17.0
2026-07-13,SBﾆｭｰｷﾝｸﾞﾊﾅﾊﾅV-30,328,1350,3,1,479,-840,337.5,1350.0,設定1,28.2,24.6,20.4,15.8,11.0
2026-07-13,SBﾆｭｰｷﾝｸﾞﾊﾅﾊﾅV-30,327,1928,3,4,428,-1267,275.4,482.0,設定1,26.6,24.2,20.9,16.6,11.7
2026-07-13,SBﾆｭｰｷﾝｸﾞﾊﾅﾊﾅV-30,326,7043,25,14,1128,-327,180.6,503.1,設定2,24.4,24.4,22.5,17.9,10.8
2026-07-13,SBﾆｭｰｷﾝｸﾞﾊﾅﾊﾅV-30,325,2823,6,6,871,-1335,235.2,470.5,設定1,26.8,24.5,21.2,16.4,11.0
2026-07-13,SBﾆｭｰｷﾝｸﾞﾊﾅﾊﾅV-30,324,4407,9,12,675,-1856,209.9,367.2,設定1,24.1,23.8,22.1,17.9,12.1
2026-07-13,SBﾆｭｰｷﾝｸﾞﾊﾅﾊﾅV-30,323,5566,23,15,2127,1264,146.5,371.1,設定V,10.7,14.3,19.4,25.6,30.1
2026-07-13,SBﾆｭｰｷﾝｸﾞﾊﾅﾊﾅV-30,322,2681,6,6,792,-1134,223.4,446.8,設定1,25.2,23.7,21.3,17.3,12.4
2026-07-13,SBﾆｭｰｷﾝｸﾞﾊﾅﾊﾅV-30,321,6184,28,14,3089,1821,147.2,441.7,設定V,12.2,15.7,20.2,25.1,26.9
2026-07-13,SBﾆｭｰｷﾝｸﾞﾊﾅﾊﾅV-30,320,2563,7,4,554,-915,233.0,640.8,設定1,27.8,24.8,20.9,16.0,10.6
2026-07-13,SBﾆｭｰｷﾝｸﾞﾊﾅﾊﾅV-30,319,7013,19,21,1257,-1247,175.3,334.0,設定4,15.5,19.1,22.5,23.3,19.6
2026-07-12,SBﾆｭｰｷﾝｸﾞﾊﾅﾊﾅV-30,372,5470,18,13,1732,-419,176.5,420.8,設定3,20.1,21.6,22.2,20.4,15.6
2026-07-12,SBﾆｭｰｷﾝｸﾞﾊﾅﾊﾅV-30,371,1383,6,2,646,178,172.9,691.5,設定1,21.3,21.1,20.6,19.5,17.5
2026-07-12,SBﾆｭｰｷﾝｸﾞﾊﾅﾊﾅV-30,370,7421,25,16,2103,-601,181.0,463.8,設定2,23.3,24.0,22.8,18.5,11.3
2026-07-12,SBﾆｭｰｷﾝｸﾞﾊﾅﾊﾅV-30,369,965,2,2,417,-478,241.2,482.5,設定1,22.6,21.8,20.6,18.8,16.3
2026-07-12,SBﾆｭｰｷﾝｸﾞﾊﾅﾊﾅV-30,368,5170,16,10,1498,-1010,198.8,517.0,設定1,27.5,25.4,21.7,16.0,9.4
2026-07-12,SBﾆｭｰｷﾝｸﾞﾊﾅﾊﾅV-30,367,3667,10,3,849,-1669,282.1,1222.3,設定1,38.4,28.3,18.6,10.2,4.4
2026-07-12,SBﾆｭｰｷﾝｸﾞﾊﾅﾊﾅV-30,366,6268,18,21,1648,-506,160.7,298.5,設定V,10.4,14.5,20.0,25.9,29.1
2026-07-12,SBﾆｭｰｷﾝｸﾞﾊﾅﾊﾅV-30,365,1671,4,3,671,-722,238.7,557.0,設定1,24.9,23.2,20.9,17.6,13.5
2026-07-12,SBﾆｭｰｷﾝｸﾞﾊﾅﾊﾅV-30,364,4099,14,9,1410,-251,178.2,455.4,設定2,21.3,21.9,21.7,19.7,15.4
2026-07-12,SBﾆｭｰｷﾝｸﾞﾊﾅﾊﾅV-30,363,1216,3,1,554,-651,304.0,1216.0,設定1,26.6,23.9,20.6,16.6,12.3
2026-07-12,SBﾆｭｰｷﾝｸﾞﾊﾅﾊﾅV-30,362,6627,32,30,5497,4524,106.9,220.9,設定V,0.3,1.0,3.5,15.8,79.4
2026-07-12,SBﾆｭｰｷﾝｸﾞﾊﾅﾊﾅV-30,361,5005,12,10,944,-2025,227.5,500.5,設定1,31.6,27.1,21.0,13.6,6.8
2026-07-12,SBﾆｭｰｷﾝｸﾞﾊﾅﾊﾅV-30,360,4436,13,8,822,-1169,211.2,554.5,設定1,29.1,25.9,21.2,15.1,8.7
2026-07-12,SBﾆｭｰｷﾝｸﾞﾊﾅﾊﾅV-30,359,3277,11,6,772,-416,192.8,546.2,設定1,24.4,23.4,21.3,17.9,13.0
2026-07-12,SBﾆｭｰｷﾝｸﾞﾊﾅﾊﾅV-30,358,5017,18,8,1771,-430,193.0,627.1,設定1,28.1,25.5,21.4,15.7,9.2
2026-07-12,SBﾆｭｰｷﾝｸﾞﾊﾅﾊﾅV-30,357,6813,28,13,2254,803,166.2,524.1,設定3,20.3,21.9,22.4,20.6,14.9
2026-07-12,SBﾆｭｰｷﾝｸﾞﾊﾅﾊﾅV-30,356,6243,32,12,3029,2726,141.9,520.2,設定V,12.1,15.5,19.9,25.1,27.3
2026-07-12,SBﾆｭｰｷﾝｸﾞﾊﾅﾊﾅV-30,355,3154,10,7,1060,-424,185.5,450.6,設定2,21.9,22.0,21.4,19.3,15.4
2026-07-12,SBﾆｭｰｷﾝｸﾞﾊﾅﾊﾅV-30,354,4600,16,5,1512,-855,219.0,920.0,設定1,34.5,27.6,19.9,12.2,5.8
2026-07-12,SBﾆｭｰｷﾝｸﾞﾊﾅﾊﾅV-30,353,6019,28,10,3187,1534,158.4,601.9,設定3,19.4,21.0,21.9,21.1,16.7
2026-07-12,SBﾆｭｰｷﾝｸﾞﾊﾅﾊﾅV-30,352,1519,2,1,576,-1391,506.3,1519.0,設定1,31.7,26.0,20.0,13.8,8.4
2026-07-12,SBﾆｭｰｷﾝｸﾞﾊﾅﾊﾅV-30,351,6627,22,15,1987,-545,179.1,441.8,設定2,21.7,22.9,22.6,19.5,13.2
2026-07-12,SBﾆｭｰｷﾝｸﾞﾊﾅﾊﾅV-30,350,1043,1,0,329,-1161,1043.0,0.0,設定1,30.5,25.5,20.1,14.5,9.5
2026-07-12,SBﾆｭｰｷﾝｸﾞﾊﾅﾊﾅV-30,349,5327,22,10,1846,640,166.5,532.7,設定3,20.5,21.6,21.9,20.3,15.7
2026-07-12,SBﾆｭｰｷﾝｸﾞﾊﾅﾊﾅV-30,348,3260,11,7,1046,-262,181.1,465.7,設定2,21.6,21.9,21.4,19.5,15.7
2026-07-12,SBﾆｭｰｷﾝｸﾞﾊﾅﾊﾅV-30,347,4528,17,6,942,-311,196.9,754.7,設定1,29.5,25.9,21.0,15.0,8.6
2026-07-12,SBﾆｭｰｷﾝｸﾞﾊﾅﾊﾅV-30,346,5554,24,12,3112,1203,154.3,462.8,設定4,15.4,18.2,21.2,23.3,21.9
2026-07-12,SBﾆｭｰｷﾝｸﾞﾊﾅﾊﾅV-30,345,4044,16,7,1508,190,175.8,577.7,設定1,22.9,22.7,21.5,18.8,14.0
2026-07-12,SBﾆｭｰｷﾝｸﾞﾊﾅﾊﾅV-30,344,8188,42,32,6468,5699,110.6,255.9,設定V,0.3,0.8,3.2,15.3,80.4
2026-07-12,SBﾆｭｰｷﾝｸﾞﾊﾅﾊﾅV-30,343,2474,7,4,669,-790,224.9,618.5,設定1,26.8,24.3,21.0,16.5,11.4
2026-07-12,SBﾆｭｰｷﾝｸﾞﾊﾅﾊﾅV-30,342,848,1,1,311,-755,424.0,848.0,設定1,25.5,23.3,20.6,17.2,13.5
2026-07-12,SBﾆｭｰｷﾝｸﾞﾊﾅﾊﾅV-30,341,7446,28,20,2516,819,155.1,372.3,設定V,11.1,15.2,20.5,25.9,27.3
2026-07-12,SBﾆｭｰｷﾝｸﾞﾊﾅﾊﾅV-30,340,4155,10,7,685,-1838,244.4,593.6,設定1,33.1,27.3,20.3,12.8,6.4
2026-07-12,SBﾆｭｰｷﾝｸﾞﾊﾅﾊﾅV-30,339,1000,2,2,385,-528,250.0,500.0,設定1,23.0,22.0,20.6,18.6,15.8
2026-07-12,SBﾆｭｰｷﾝｸﾞﾊﾅﾊﾅV-30,338,6504,25,23,2894,1603,135.5,282.8,設定V,4.1,7.3,13.7,26.5,48.4
2026-07-12,SBﾆｭｰｷﾝｸﾞﾊﾅﾊﾅV-30,337,4725,19,9,1646,424,168.8,525.0,設定3,20.8,21.7,21.7,20.1,15.7
2026-07-12,SBﾆｭｰｷﾝｸﾞﾊﾅﾊﾅV-30,336,8380,34,21,2307,1502,152.4,399.0,設定V,10.4,14.6,20.4,26.5,28.1
2026-07-12,SBﾆｭｰｷﾝｸﾞﾊﾅﾊﾅV-30,335,2534,6,6,708,-927,211.2,422.3,設定1,23.6,22.8,21.3,18.3,14.0
2026-07-12,SBﾆｭｰｷﾝｸﾞﾊﾅﾊﾅV-30,334,5020,23,10,1799,1385,152.1,502.0,設定4,16.1,18.5,21.0,22.8,21.6
2026-07-12,SBﾆｭｰｷﾝｸﾞﾊﾅﾊﾅV-30,333,9867,40,26,2909,1923,149.5,379.5,設定V,7.3,11.7,18.7,28.2,34.0
2026-07-12,SBﾆｭｰｷﾝｸﾞﾊﾅﾊﾅV-30,332,1000,2,1,398,-658,333.3,1000.0,設定1,25.7,23.4,20.6,17.1,13.3
2026-07-12,SBﾆｭｰｷﾝｸﾞﾊﾅﾊﾅV-30,331,3578,8,7,1385,-1647,238.5,511.1,設定1,29.6,25.9,21.0,14.8,8.6
2026-07-12,SBﾆｭｰｷﾝｸﾞﾊﾅﾊﾅV-30,330,4646,20,7,1789,587,172.1,663.7,設定1,23.7,23.2,21.6,18.4,13.1
2026-07-12,SBﾆｭｰｷﾝｸﾞﾊﾅﾊﾅV-30,329,2656,11,2,1291,-59,204.3,1328.0,設定1,28.2,24.8,20.7,15.8,10.5
2026-07-12,SBﾆｭｰｷﾝｸﾞﾊﾅﾊﾅV-30,328,9010,33,22,1762,430,163.8,409.5,設定4,14.6,18.6,22.6,24.3,19.9
2026-07-12,SBﾆｭｰｷﾝｸﾞﾊﾅﾊﾅV-30,327,2179,6,4,1151,-685,217.9,544.8,設定1,24.9,23.4,21.0,17.6,13.2
2026-07-12,SBﾆｭｰｷﾝｸﾞﾊﾅﾊﾅV-30,326,6890,30,19,2672,2098,140.6,362.6,設定V,7.1,10.9,17.2,27.0,37.6
2026-07-12,SBﾆｭｰｷﾝｸﾞﾊﾅﾊﾅV-30,325,1874,6,0,623,-774,312.3,0.0,設定1,32.4,26.3,19.8,13.5,8.0
2026-07-12,SBﾆｭｰｷﾝｸﾞﾊﾅﾊﾅV-30,324,4429,19,6,1652,452,177.2,738.2,設定1,25.4,24.0,21.4,17.4,11.7
2026-07-12,SBﾆｭｰｷﾝｸﾞﾊﾅﾊﾅV-30,323,5743,23,8,1309,104,185.3,717.9,設定1,28.8,25.9,21.4,15.4,8.6
2026-07-12,SBﾆｭｰｷﾝｸﾞﾊﾅﾊﾅV-30,322,3850,19,9,2116,1660,137.5,427.8,設定V,12.4,15.3,19.3,24.4,28.6
2026-07-12,SBﾆｭｰｷﾝｸﾞﾊﾅﾊﾅV-30,321,8994,29,28,1385,-15,157.8,321.2,設定V,8.0,12.5,19.5,27.7,32.2
2026-07-12,SBﾆｭｰｷﾝｸﾞﾊﾅﾊﾅV-30,320,2194,3,5,375,-1512,274.2,438.8,設定1,26.9,24.4,21.0,16.4,11.3
2026-07-12,SBﾆｭｰｷﾝｸﾞﾊﾅﾊﾅV-30,319,5236,18,9,800,-609,193.9,581.8,設定1,27.9,25.5,21.6,15.8,9.2
2026-07-11,SBﾆｭｰｷﾝｸﾞﾊﾅﾊﾅV-30,372,6851,25,14,1720,-56,175.7,489.4,設定2,22.3,23.2,22.6,19.2,12.7
2026-07-11,SBﾆｭｰｷﾝｸﾞﾊﾅﾊﾅV-30,371,3363,8,9,691,-1083,197.8,373.7,設定2,21.9,22.2,21.6,19.2,15.0
2026-07-11,SBﾆｭｰｷﾝｸﾞﾊﾅﾊﾅV-30,370,2689,11,3,1264,24,192.1,896.3,設定1,25.8,23.8,20.9,17.1,12.3
2026-07-11,SBﾆｭｰｷﾝｸﾞﾊﾅﾊﾅV-30,369,5313,18,14,1588,-68,166.0,379.5,設定4,16.2,19.0,21.6,22.7,20.5
2026-07-11,SBﾆｭｰｷﾝｸﾞﾊﾅﾊﾅV-30,368,4581,16,9,1551,-308,183.2,509.0,設定1,23.6,23.3,21.8,18.4,12.9
2026-07-11,SBﾆｭｰｷﾝｸﾞﾊﾅﾊﾅV-30,367,4846,15,8,993,-1124,210.7,605.8,設定1,30.7,26.6,21.0,14.2,7.6
2026-07-11,SBﾆｭｰｷﾝｸﾞﾊﾅﾊﾅV-30,366,5291,24,12,2515,1574,147.0,440.9,設定V,13.0,16.3,20.2,24.4,26.0
2026-07-11,SBﾆｭｰｷﾝｸﾞﾊﾅﾊﾅV-30,365,6680,35,13,4679,3175,139.2,513.8,設定V,10.6,14.2,19.3,25.9,30.0
2026-07-11,SBﾆｭｰｷﾝｸﾞﾊﾅﾊﾅV-30,364,2735,12,5,2406,531,160.9,547.0,設定3,19.6,20.4,20.9,20.6,18.5
2026-07-11,SBﾆｭｰｷﾝｸﾞﾊﾅﾊﾅV-30,363,8826,37,34,4932,3498,124.3,259.6,設定V,0.7,1.8,5.8,20.3,71.5
2026-07-11,SBﾆｭｰｷﾝｸﾞﾊﾅﾊﾅV-30,362,5470,18,11,1607,-679,188.6,497.3,設定1,25.2,24.4,22.0,17.4,11.0
2026-07-11,SBﾆｭｰｷﾝｸﾞﾊﾅﾊﾅV-30,361,3832,13,7,858,-446,191.6,547.4,設定1,25.0,23.8,21.5,17.5,12.1
2026-07-11,SBﾆｭｰｷﾝｸﾞﾊﾅﾊﾅV-30,360,3231,8,3,1197,-1677,293.7,1077.0,設定1,36.6,27.9,19.1,11.2,5.2
2026-07-11,SBﾆｭｰｷﾝｸﾞﾊﾅﾊﾅV-30,359,3835,12,7,1110,-762,201.8,547.9,設定1,26.5,24.6,21.4,16.6,10.9
2026-07-11,SBﾆｭｰｷﾝｸﾞﾊﾅﾊﾅV-30,358,5599,21,11,1887,73,175.0,509.0,設定2,22.3,22.8,22.1,19.2,13.6
2026-07-11,SBﾆｭｰｷﾝｸﾞﾊﾅﾊﾅV-30,357,1624,3,3,699,-967,270.7,541.3,設定1,25.9,23.7,20.8,17.0,12.6
2026-07-11,SBﾆｭｰｷﾝｸﾞﾊﾅﾊﾅV-30,356,6354,29,12,3158,1633,155.0,529.5,設定4,16.7,19.3,21.6,22.7,19.7
2026-07-11,SBﾆｭｰｷﾝｸﾞﾊﾅﾊﾅV-30,355,7304,20,20,1041,-1476,182.6,365.2,設定3,19.2,21.8,23.1,21.0,14.9
2026-07-11,SBﾆｭｰｷﾝｸﾞﾊﾅﾊﾅV-30,354,7743,31,17,2402,945,161.3,455.5,設定4,16.2,19.4,22.3,23.1,19.0
2026-07-11,SBﾆｭｰｷﾝｸﾞﾊﾅﾊﾅV-30,353,6672,24,13,1871,-245,180.3,513.2,設定1,24.4,24.3,22.4,17.9,11.0
2026-07-11,SBﾆｭｰｷﾝｸﾞﾊﾅﾊﾅV-30,352,8451,36,32,3353,3455,124.3,264.1,設定V,0.8,2.2,6.4,21.2,69.4
2026-07-11,SBﾆｭｰｷﾝｸﾞﾊﾅﾊﾅV-30,351,6282,23,15,2093,253,165.3,418.8,設定4,16.9,19.6,22.0,22.5,19.0
2026-07-11,SBﾆｭｰｷﾝｸﾞﾊﾅﾊﾅV-30,350,8026,35,17,3671,1794,154.3,472.1,設定4,14.0,17.6,21.6,24.6,22.2
2026-07-11,SBﾆｭｰｷﾝｸﾞﾊﾅﾊﾅV-30,349,5499,24,15,3150,1671,141.0,366.6,設定V,9.2,12.9,18.4,26.0,33.5
2026-07-11,SBﾆｭｰｷﾝｸﾞﾊﾅﾊﾅV-30,348,3198,10,5,916,-746,213.2,639.6,設定1,27.7,24.9,21.0,16.0,10.3
2026-07-11,SBﾆｭｰｷﾝｸﾞﾊﾅﾊﾅV-30,347,7309,28,16,2472,492,166.1,456.8,設定3,18.1,20.7,22.5,21.9,16.8
2026-07-11,SBﾆｭｰｷﾝｸﾞﾊﾅﾊﾅV-30,346,5498,27,8,2124,1698,157.1,687.2,設定3,20.3,21.4,21.7,20.6,16.2
2026-07-11,SBﾆｭｰｷﾝｸﾞﾊﾅﾊﾅV-30,345,3060,9,5,871,-863,218.6,612.0,設定1,27.7,24.9,21.0,16.0,10.4
2026-07-11,SBﾆｭｰｷﾝｸﾞﾊﾅﾊﾅV-30,344,5092,15,11,1524,-1081,195.8,462.9,設定1,25.4,24.5,22.0,17.2,10.9
2026-07-11,SBﾆｭｰｷﾝｸﾞﾊﾅﾊﾅV-30,343,938,2,2,545,-440,234.5,469.0,設定1,22.2,21.6,20.6,18.9,16.6
2026-07-11,SBﾆｭｰｷﾝｸﾞﾊﾅﾊﾅV-30,342,10320,45,33,4162,3754,132.3,312.7,設定V,1.4,3.3,8.7,24.5,62.1
2026-07-11,SBﾆｭｰｷﾝｸﾞﾊﾅﾊﾅV-30,341,3612,11,6,1127,-889,212.5,602.0,設定1,28.2,25.3,21.1,15.7,9.7
2026-07-11,SBﾆｭｰｷﾝｸﾞﾊﾅﾊﾅV-30,340,5111,15,13,1401,-848,182.5,393.2,設定3,20.6,21.9,22.2,20.1,15.2
2026-07-11,SBﾆｭｰｷﾝｸﾞﾊﾅﾊﾅV-30,339,7459,33,16,2453,1840,152.2,466.2,設定4,13.4,17.0,21.2,24.8,23.7
2026-07-11,SBﾆｭｰｷﾝｸﾞﾊﾅﾊﾅV-30,338,4057,17,9,2478,743,156.0,450.8,設定4,16.7,18.8,20.9,22.3,21.2
2026-07-11,SBﾆｭｰｷﾝｸﾞﾊﾅﾊﾅV-30,337,6197,20,18,1452,-172,163.1,344.3,設定4,13.3,17.0,21.2,24.5,24.0
2026-07-11,SBﾆｭｰｷﾝｸﾞﾊﾅﾊﾅV-30,336,7440,27,17,1272,125,169.1,437.6,設定3,18.4,21.0,22.7,21.7,16.3
2026-07-11,SBﾆｭｰｷﾝｸﾞﾊﾅﾊﾅV-30,335,1094,1,2,313,-973,364.7,547.0,設定1,25.6,23.4,20.7,17.2,13.2
2026-07-11,SBﾆｭｰｷﾝｸﾞﾊﾅﾊﾅV-30,334,6810,30,12,2897,1301,162.1,567.5,設定3,19.9,21.6,22.2,20.8,15.5
2026-07-11,SBﾆｭｰｷﾝｸﾞﾊﾅﾊﾅV-30,333,2246,5,3,386,-1222,280.8,748.7,設定1,29.9,25.6,20.5,14.7,9.2
2026-07-11,SBﾆｭｰｷﾝｸﾞﾊﾅﾊﾅV-30,332,6541,21,17,1264,-476,172.1,384.8,設定3,17.4,20.2,22.4,22.2,17.8
2026-07-11,SBﾆｭｰｷﾝｸﾞﾊﾅﾊﾅV-30,331,1997,6,1,646,-818,285.3,1997.0,設定1,31.1,25.9,20.1,14.2,8.7
2026-07-11,SBﾆｭｰｷﾝｸﾞﾊﾅﾊﾅV-30,330,4910,21,11,2074,1047,153.4,446.4,設定4,15.3,18.0,20.9,23.2,22.6
2026-07-11,SBﾆｭｰｷﾝｸﾞﾊﾅﾊﾅV-30,329,3063,10,4,817,-686,218.8,765.8,設定1,28.9,25.3,20.8,15.3,9.6
2026-07-11,SBﾆｭｰｷﾝｸﾞﾊﾅﾊﾅV-30,328,8353,44,25,5672,5180,121.1,334.1,設定V,1.4,3.1,8.0,23.1,64.5
2026-07-11,SBﾆｭｰｷﾝｸﾞﾊﾅﾊﾅV-30,327,3799,16,8,1494,666,158.3,474.9,設定4,17.8,19.5,21.0,21.7,19.9
2026-07-11,SBﾆｭｰｷﾝｸﾞﾊﾅﾊﾅV-30,326,2248,4,1,866,-1797,449.6,2248.0,設定1,37.0,27.7,18.9,11.1,5.4
2026-07-11,SBﾆｭｰｷﾝｸﾞﾊﾅﾊﾅV-30,325,8617,36,24,3127,2181,143.6,359.0,設定V,6.0,9.9,16.8,27.9,39.5
2026-07-11,SBﾆｭｰｷﾝｸﾞﾊﾅﾊﾅV-30,324,4431,19,9,2232,839,158.2,492.3,設定4,17.8,19.7,21.2,21.8,19.5
2026-07-11,SBﾆｭｰｷﾝｸﾞﾊﾅﾊﾅV-30,323,4291,13,6,940,-1224,225.8,715.2,設定1,32.8,27.1,20.3,13.1,6.6
2026-07-11,SBﾆｭｰｷﾝｸﾞﾊﾅﾊﾅV-30,322,6370,27,9,2557,597,176.9,707.8,設定1,27.1,25.3,21.8,16.4,9.4
2026-07-11,SBﾆｭｰｷﾝｸﾞﾊﾅﾊﾅV-30,321,5753,18,10,1109,-1209,205.5,575.3,設定1,31.0,26.9,21.2,14.0,7.0
2026-07-11,SBﾆｭｰｷﾝｸﾞﾊﾅﾊﾅV-30,320,3883,13,9,1197,-258,176.5,431.4,設定3,20.4,21.3,21.6,20.2,16.5
2026-07-11,SBﾆｭｰｷﾝｸﾞﾊﾅﾊﾅV-30,319,7828,25,19,1570,-786,177.9,412.0,設定3,20.2,22.4,23.2,20.5,13.8
2026-07-10,SBﾆｭｰｷﾝｸﾞﾊﾅﾊﾅV-30,372,1681,4,2,414,-866,280.2,840.5,設定1,27.7,24.5,20.6,16.0,11.1
2026-07-10,SBﾆｭｰｷﾝｸﾞﾊﾅﾊﾅV-30,371,3555,12,11,1244,152,154.6,323.2,設定V,13.8,16.7,20.2,23.6,25.7
2026-07-10,SBﾆｭｰｷﾝｸﾞﾊﾅﾊﾅV-30,370,1439,6,3,813,229,159.9,479.7,設定4,19.3,19.9,20.4,20.5,19.8
2026-07-10,SBﾆｭｰｷﾝｸﾞﾊﾅﾊﾅV-30,369,2212,6,6,1233,-472,184.3,368.7,設定3,20.0,20.7,21.0,20.2,18.1
2026-07-10,SBﾆｭｰｷﾝｸﾞﾊﾅﾊﾅV-30,368,2379,10,7,1484,669,139.9,339.9,設定V,14.0,16.5,19.6,23.3,26.6
2026-07-10,SBﾆｭｰｷﾝｸﾞﾊﾅﾊﾅV-30,367,3398,6,2,335,-2667,424.8,1699.0,設定1,43.8,29.0,16.7,7.7,2.7
2026-07-10,SBﾆｭｰｷﾝｸﾞﾊﾅﾊﾅV-30,366,620,3,0,636,60,206.7,0.0,設定1,22.5,21.6,20.4,18.8,16.8
2026-07-10,SBﾆｭｰｷﾝｸﾞﾊﾅﾊﾅV-30,365,3652,9,13,919,-660,166.0,280.9,設定V,14.1,17.0,20.5,23.5,24.9
2026-07-10,SBﾆｭｰｷﾝｸﾞﾊﾅﾊﾅV-30,364,8163,37,18,4172,2354,148.4,453.5,設定V,11.0,15.0,20.4,26.2,27.4
2026-07-10,SBﾆｭｰｷﾝｸﾞﾊﾅﾊﾅV-30,363,633,0,1,131,-764,633.0,633.0,設定1,24.5,22.7,20.5,17.7,14.5
2026-07-10,SBﾆｭｰｷﾝｸﾞﾊﾅﾊﾅV-30,362,3742,12,15,940,408,138.6,249.5,設定V,8.1,11.6,17.2,25.7,37.5
2026-07-10,SBﾆｭｰｷﾝｸﾞﾊﾅﾊﾅV-30,361,3074,15,6,2517,1118,146.4,512.3,設定V,16.6,18.4,20.4,22.2,22.3
2026-07-10,SBﾆｭｰｷﾝｸﾞﾊﾅﾊﾅV-30,360,570,3,0,795,130,190.0,0.0,設定1,21.9,21.2,20.3,19.1,17.4
2026-07-10,SBﾆｭｰｷﾝｸﾞﾊﾅﾊﾅV-30,359,7732,30,21,2484,1169,151.6,368.2,設定V,9.5,13.7,19.7,26.7,30.4
2026-07-10,SBﾆｭｰｷﾝｸﾞﾊﾅﾊﾅV-30,358,1392,6,2,1304,165,174.0,696.0,設定1,21.4,21.1,20.6,19.5,17.4
2026-07-10,SBﾆｭｰｷﾝｸﾞﾊﾅﾊﾅV-30,357,829,1,1,311,-728,414.5,829.0,設定1,25.2,23.1,20.6,17.3,13.7
2026-07-10,SBﾆｭｰｷﾝｸﾞﾊﾅﾊﾅV-30,356,3757,14,6,1541,-158,187.8,626.2,設定1,25.3,23.9,21.4,17.4,12.0
2026-07-10,SBﾆｭｰｷﾝｸﾞﾊﾅﾊﾅV-30,355,1303,3,0,610,-904,434.3,0.0,設定1,30.4,25.5,20.1,14.6,9.4
2026-07-10,SBﾆｭｰｷﾝｸﾞﾊﾅﾊﾅV-30,354,8042,31,16,3263,393,171.1,502.6,設定2,21.5,23.0,22.9,19.8,12.8
2026-07-10,SBﾆｭｰｷﾝｸﾞﾊﾅﾊﾅV-30,353,6334,26,14,1572,985,158.3,452.4,設定4,15.8,18.8,21.6,23.2,20.6
2026-07-10,SBﾆｭｰｷﾝｸﾞﾊﾅﾊﾅV-30,352,3505,13,9,1480,275,159.3,389.4,設定4,16.5,18.6,20.8,22.3,21.7
2026-07-10,SBﾆｭｰｷﾝｸﾞﾊﾅﾊﾅV-30,351,1112,4,2,778,-62,185.3,556.0,設定1,21.2,21.0,20.5,19.5,17.7
2026-07-10,SBﾆｭｰｷﾝｸﾞﾊﾅﾊﾅV-30,350,6485,19,21,1735,-501,162.1,308.8,設定V,11.1,15.1,20.5,25.7,27.6
2026-07-10,SBﾆｭｰｷﾝｸﾞﾊﾅﾊﾅV-30,349,2227,3,6,439,-1429,247.4,371.2,設定1,24.6,23.4,21.2,17.6,13.2
2026-07-10,SBﾆｭｰｷﾝｸﾞﾊﾅﾊﾅV-30,348,2490,11,2,1191,175,191.5,1245.0,設定1,26.3,23.9,20.8,16.9,12.1
2026-07-10,SBﾆｭｰｷﾝｸﾞﾊﾅﾊﾅV-30,347,716,2,0,492,-387,358.0,0.0,設定1,25.1,23.0,20.4,17.4,14.0
2026-07-10,SBﾆｭｰｷﾝｸﾞﾊﾅﾊﾅV-30,346,5121,19,12,1841,255,165.2,426.8,設定4,17.6,19.8,21.7,21.9,18.9
2026-07-10,SBﾆｭｰｷﾝｸﾞﾊﾅﾊﾅV-30,345,4961,18,13,872,299,160.0,381.6,設定4,15.1,18.0,21.1,23.3,22.5
2026-07-10,SBﾆｭｰｷﾝｸﾞﾊﾅﾊﾅV-30,344,5451,15,10,1296,-1718,218.0,545.1,設定1,32.0,27.3,20.9,13.3,6.5
2026-07-10,SBﾆｭｰｷﾝｸﾞﾊﾅﾊﾅV-30,343,4986,22,15,2482,1771,134.8,332.4,設定V,7.6,11.1,16.9,26.2,38.1
2026-07-10,SBﾆｭｰｷﾝｸﾞﾊﾅﾊﾅV-30,342,3556,11,5,1186,-940,222.2,711.2,設定1,30.3,26.0,20.7,14.5,8.4
2026-07-10,SBﾆｭｰｷﾝｸﾞﾊﾅﾊﾅV-30,341,659,1,1,310,-488,329.5,659.0,設定1,23.3,22.1,20.5,18.4,15.8
2026-07-10,SBﾆｭｰｷﾝｸﾞﾊﾅﾊﾅV-30,340,2649,10,6,997,158,165.6,441.5,設定3,19.0,20.1,20.9,20.8,19.1
2026-07-10,SBﾆｭｰｷﾝｸﾞﾊﾅﾊﾅV-30,339,3343,10,4,1104,-1081,238.8,835.8,設定1,32.1,26.6,20.3,13.5,7.4
2026-07-10,SBﾆｭｰｷﾝｸﾞﾊﾅﾊﾅV-30,338,1926,4,5,758,-822,214.0,385.2,設定1,22.4,22.0,21.0,18.9,15.6
2026-07-10,SBﾆｭｰｷﾝｸﾞﾊﾅﾊﾅV-30,337,4063,13,8,811,-642,193.5,507.9,設定1,24.9,23.9,21.6,17.6,12.0
2026-07-10,SBﾆｭｰｷﾝｸﾞﾊﾅﾊﾅV-30,336,3294,12,3,632,-518,219.6,1098.0,設定1,31.2,26.2,20.4,14.1,8.1
2026-07-10,SBﾆｭｰｷﾝｸﾞﾊﾅﾊﾅV-30,335,5080,21,10,2039,677,163.9,508.0,設定3,19.3,20.8,21.7,21.0,17.2
2026-07-10,SBﾆｭｰｷﾝｸﾞﾊﾅﾊﾅV-30,334,1272,1,2,316,-1224,424.0,636.0,設定1,27.6,24.4,20.6,16.0,11.4
2026-07-10,SBﾆｭｰｷﾝｸﾞﾊﾅﾊﾅV-30,333,8574,35,21,3022,1540,153.1,408.3,設定V,10.8,15.1,20.7,26.4,27.0
2026-07-10,SBﾆｭｰｷﾝｸﾞﾊﾅﾊﾅV-30,332,3493,8,10,783,-1137,194.1,349.3,設定3,20.8,21.6,21.7,19.9,16.0
2026-07-10,SBﾆｭｰｷﾝｸﾞﾊﾅﾊﾅV-30,331,4878,16,14,1550,-77,162.6,348.4,設定4,14.7,17.7,21.0,23.5,23.1
2026-07-10,SBﾆｭｰｷﾝｸﾞﾊﾅﾊﾅV-30,330,2308,8,4,1233,-243,192.3,577.0,設定1,23.4,22.5,21.0,18.4,14.6
2026-07-10,SBﾆｭｰｷﾝｸﾞﾊﾅﾊﾅV-30,329,1782,5,4,607,-436,198.0,445.5,設定1,21.9,21.7,20.9,19.2,16.3
2026-07-10,SBﾆｭｰｷﾝｸﾞﾊﾅﾊﾅV-30,328,3554,6,2,400,-2887,444.2,1777.0,設定1,45.4,29.2,16.1,7.1,2.3
2026-07-10,SBﾆｭｰｷﾝｸﾞﾊﾅﾊﾅV-30,327,752,2,0,313,-438,376.0,0.0,設定1,25.5,23.2,20.4,17.2,13.6
2026-07-10,SBﾆｭｰｷﾝｸﾞﾊﾅﾊﾅV-30,326,4140,15,9,1482,2,172.5,460.0,設定3,20.3,21.3,21.6,20.3,16.5
2026-07-10,SBﾆｭｰｷﾝｸﾞﾊﾅﾊﾅV-30,325,2880,6,8,752,-1155,205.7,360.0,設定2,22.2,22.2,21.5,19.1,15.1
2026-07-10,SBﾆｭｰｷﾝｸﾞﾊﾅﾊﾅV-30,324,1784,3,4,358,-1063,254.9,446.0,設定1,25.0,23.4,21.0,17.5,13.2
2026-07-10,SBﾆｭｰｷﾝｸﾞﾊﾅﾊﾅV-30,323,5232,22,10,1840,774,163.5,523.2,設定3,19.5,21.0,21.8,20.9,16.9
2026-07-10,SBﾆｭｰｷﾝｸﾞﾊﾅﾊﾅV-30,322,3652,14,9,1674,379,158.8,405.8,設定4,16.7,18.8,20.9,22.3,21.5
2026-07-10,SBﾆｭｰｷﾝｸﾞﾊﾅﾊﾅV-30,321,4785,18,11,2133,287,165.0,435.0,設定4,18.0,20.0,21.6,21.7,18.8
2026-07-10,SBﾆｭｰｷﾝｸﾞﾊﾅﾊﾅV-30,320,3473,18,9,2498,1880,128.6,385.9,設定V,10.4,13.5,18.1,25.0,33.0
2026-07-10,SBﾆｭｰｷﾝｸﾞﾊﾅﾊﾅV-30,319,6349,25,18,2301,1172,147.7,352.7,設定V,9.4,13.3,19.0,26.3,32.1
2026-07-09,SBﾆｭｰｷﾝｸﾞﾊﾅﾊﾅV-30,372,2500,5,5,583,-1321,250.0,500.0,設定1,27.4,24.7,21.0,16.1,10.8
2026-07-09,SBﾆｭｰｷﾝｸﾞﾊﾅﾊﾅV-30,371,1665,4,3,910,-713,237.9,555.0,設定1,24.8,23.2,20.9,17.6,13.6
2026-07-09,SBﾆｭｰｷﾝｸﾞﾊﾅﾊﾅV-30,370,3476,11,9,1552,-307,173.8,386.2,設定3,18.9,20.3,21.3,21.0,18.5
2026-07-09,SBﾆｭｰｷﾝｸﾞﾊﾅﾊﾅV-30,369,768,1,3,362,-382,192.0,256.0,設定4,19.2,19.8,20.3,20.5,20.2
2026-07-09,SBﾆｭｰｷﾝｸﾞﾊﾅﾊﾅV-30,368,559,1,0,311,-477,559.0,0.0,設定1,24.8,22.8,20.4,17.6,14.3
2026-07-09,SBﾆｭｰｷﾝｸﾞﾊﾅﾊﾅV-30,367,4174,16,10,1391,396,160.5,417.4,設定4,16.9,19.0,21.1,22.2,20.7
2026-07-09,SBﾆｭｰｷﾝｸﾞﾊﾅﾊﾅV-30,366,564,2,0,354,-172,282.0,0.0,設定1,23.4,22.0,20.4,18.3,15.8
2026-07-09,SBﾆｭｰｷﾝｸﾞﾊﾅﾊﾅV-30,365,5186,25,11,2537,1905,144.1,471.5,設定V,13.0,16.1,20.1,24.4,26.3
2026-07-09,SBﾆｭｰｷﾝｸﾞﾊﾅﾊﾅV-30,364,414,1,0,315,-272,414.0,0.0,判定不能(G不足),23.2,21.9,20.4,18.4,16.1
2026-07-09,SBﾆｭｰｷﾝｸﾞﾊﾅﾊﾅV-30,363,251,0,0,24,-354,0.0,0.0,判定不能(G不足),22.8,21.7,20.3,18.6,16.5
2026-07-09,SBﾆｭｰｷﾝｸﾞﾊﾅﾊﾅV-30,362,3017,9,9,879,-283,167.6,335.2,設定4,16.9,18.9,20.8,22.0,21.3
2026-07-09,SBﾆｭｰｷﾝｸﾞﾊﾅﾊﾅV-30,361,870,1,2,410,-656,290.0,435.0,設定1,23.0,22.0,20.6,18.5,15.8
2026-07-09,SBﾆｭｰｷﾝｸﾞﾊﾅﾊﾅV-30,360,5043,17,10,1571,-518,186.8,504.3,設定1,24.6,24.0,21.9,17.8,11.7
2026-07-09,SBﾆｭｰｷﾝｸﾞﾊﾅﾊﾅV-30,359,665,2,1,539,-185,221.7,665.0,設定1,21.8,21.3,20.4,19.1,17.3
2026-07-09,SBﾆｭｰｷﾝｸﾞﾊﾅﾊﾅV-30,358,1626,5,3,592,-346,203.2,542.0,設定1,22.8,22.1,20.8,18.7,15.6
2026-07-09,SBﾆｭｰｷﾝｸﾞﾊﾅﾊﾅV-30,357,4127,11,8,1390,-1356,217.2,515.9,設定1,28.6,25.7,21.3,15.4,9.1
2026-07-09,SBﾆｭｰｷﾝｸﾞﾊﾅﾊﾅV-30,356,1327,4,3,685,-236,189.6,442.3,設定1,21.0,21.0,20.6,19.6,17.7
2026-07-09,SBﾆｭｰｷﾝｸﾞﾊﾅﾊﾅV-30,355,3597,11,7,775,-738,199.8,513.9,設定1,25.3,24.0,21.4,17.3,11.9
2026-07-09,SBﾆｭｰｷﾝｸﾞﾊﾅﾊﾅV-30,354,1729,11,0,1736,989,157.2,0.0,設定1,23.0,22.0,20.5,18.7,15.8
2026-07-09,SBﾆｭｰｷﾝｸﾞﾊﾅﾊﾅV-30,353,6390,23,12,1412,-289,182.6,532.5,設定1,25.4,24.7,22.2,17.3,10.4
2026-07-09,SBﾆｭｰｷﾝｸﾞﾊﾅﾊﾅV-30,352,1024,4,0,999,-198,256.0,0.0,設定1,25.6,23.3,20.5,17.2,13.4
2026-07-09,SBﾆｭｰｷﾝｸﾞﾊﾅﾊﾅV-30,351,3391,12,6,968,-265,188.4,565.2,設定1,24.2,23.3,21.4,18.0,13.1
2026-07-09,SBﾆｭｰｷﾝｸﾞﾊﾅﾊﾅV-30,350,759,1,0,318,-760,759.0,0.0,設定1,27.2,24.0,20.4,16.3,12.1
2026-07-09,SBﾆｭｰｷﾝｸﾞﾊﾅﾊﾅV-30,349,1722,11,4,2122,1519,114.8,430.5,設定V,13.2,15.6,18.8,23.4,29.0
2026-07-09,SBﾆｭｰｷﾝｸﾞﾊﾅﾊﾅV-30,348,8840,37,29,3344,2828,133.9,304.8,設定V,2.3,4.8,10.9,25.8,56.3
2026-07-09,SBﾆｭｰｷﾝｸﾞﾊﾅﾊﾅV-30,347,2137,7,4,862,-314,194.3,534.2,設定1,22.9,22.3,21.0,18.7,15.1
2026-07-09,SBﾆｭｰｷﾝｸﾞﾊﾅﾊﾅV-30,346,3586,16,9,1512,1097,143.4,398.4,設定V,13.5,16.3,19.8,23.8,26.6
2026-07-09,SBﾆｭｰｷﾝｸﾞﾊﾅﾊﾅV-30,345,6335,30,10,2062,1712,158.4,633.5,設定3,19.9,21.4,22.0,20.8,16.0
2026-07-09,SBﾆｭｰｷﾝｸﾞﾊﾅﾊﾅV-30,344,466,1,0,315,-346,466.0,0.0,判定不能(G不足),23.8,22.3,20.4,18.1,15.5
2026-07-09,SBﾆｭｰｷﾝｸﾞﾊﾅﾊﾅV-30,343,8571,36,18,2111,1466,158.7,476.2,設定4,15.5,19.0,22.4,23.7,19.4
2026-07-09,SBﾆｭｰｷﾝｸﾞﾊﾅﾊﾅV-30,342,3669,6,8,661,-2270,262.1,458.6,設定1,31.0,26.6,20.8,14.0,7.7
2026-07-09,SBﾆｭｰｷﾝｸﾞﾊﾅﾊﾅV-30,341,1787,4,5,1230,-625,198.6,357.4,設定2,20.9,21.1,20.9,19.7,17.4
2026-07-09,SBﾆｭｰｷﾝｸﾞﾊﾅﾊﾅV-30,340,331,1,0,318,-155,331.0,0.0,判定不能(G不足),22.2,21.4,20.3,18.9,17.2
2026-07-09,SBﾆｭｰｷﾝｸﾞﾊﾅﾊﾅV-30,339,5907,18,22,1123,132,147.7,268.5,設定V,6.6,10.4,16.9,26.8,39.2
2026-07-09,SBﾆｭｰｷﾝｸﾞﾊﾅﾊﾅV-30,338,3666,15,6,1100,282,174.6,611.0,設定1,22.8,22.6,21.4,18.8,14.4
2026-07-09,SBﾆｭｰｷﾝｸﾞﾊﾅﾊﾅV-30,337,6746,27,16,1415,975,156.9,421.6,設定4,14.1,17.5,21.4,24.2,22.8
2026-07-09,SBﾆｭｰｷﾝｸﾞﾊﾅﾊﾅV-30,336,7369,31,17,2415,1474,153.5,433.5,設定4,12.9,16.6,21.1,25.0,24.4
2026-07-09,SBﾆｭｰｷﾝｸﾞﾊﾅﾊﾅV-30,335,4314,20,8,1771,1186,154.1,539.2,設定4,17.7,19.5,21.1,21.9,19.9
2026-07-09,SBﾆｭｰｷﾝｸﾞﾊﾅﾊﾅV-30,334,8970,48,25,6327,5556,122.9,358.8,設定V,1.5,3.4,8.5,23.8,62.9
2026-07-09,SBﾆｭｰｷﾝｸﾞﾊﾅﾊﾅV-30,333,1387,2,0,325,-1334,693.5,0.0,設定1,33.0,26.4,19.7,13.2,7.8
2026-07-09,SBﾆｭｰｷﾝｸﾞﾊﾅﾊﾅV-30,332,641,0,1,136,-775,641.0,641.0,設定1,24.6,22.8,20.5,17.7,14.4
2026-07-09,SBﾆｭｰｷﾝｸﾞﾊﾅﾊﾅV-30,331,388,0,0,23,-548,0.0,0.0,判定不能(G不足),24.4,22.6,20.4,17.8,14.8
2026-07-09,SBﾆｭｰｷﾝｸﾞﾊﾅﾊﾅV-30,330,7249,29,19,1856,1279,151.0,381.5,設定V,10.4,14.4,19.9,26.2,29.1
2026-07-09,SBﾆｭｰｷﾝｸﾞﾊﾅﾊﾅV-30,329,2462,6,4,894,-1085,246.2,615.5,設定1,28.1,25.0,20.8,15.7,10.3
2026-07-09,SBﾆｭｰｷﾝｸﾞﾊﾅﾊﾅV-30,328,2038,6,6,1200,-226,169.8,339.7,設定4,18.2,19.5,20.6,21.2,20.5
2026-07-09,SBﾆｭｰｷﾝｸﾞﾊﾅﾊﾅV-30,327,2443,7,3,653,-876,244.3,814.3,設定1,29.1,25.3,20.6,15.2,9.7
2026-07-09,SBﾆｭｰｷﾝｸﾞﾊﾅﾊﾅV-30,326,1210,3,3,577,-383,201.7,403.3,設定1,21.2,21.1,20.6,19.5,17.6
2026-07-09,SBﾆｭｰｷﾝｸﾞﾊﾅﾊﾅV-30,325,1772,3,3,568,-1176,295.3,590.7,設定1,27.6,24.5,20.7,16.1,11.1
2026-07-09,SBﾆｭｰｷﾝｸﾞﾊﾅﾊﾅV-30,324,1766,6,2,783,-362,220.8,883.0,設定1,25.6,23.5,20.8,17.2,12.9
2026-07-09,SBﾆｭｰｷﾝｸﾞﾊﾅﾊﾅV-30,323,3951,10,10,814,-1160,197.6,395.1,設定2,22.9,22.9,21.8,18.7,13.7
2026-07-09,SBﾆｭｰｷﾝｸﾞﾊﾅﾊﾅV-30,322,1753,4,5,569,-577,194.8,350.6,設定2,20.5,20.9,20.9,19.9,17.8
2026-07-09,SBﾆｭｰｷﾝｸﾞﾊﾅﾊﾅV-30,321,1161,4,1,793,-261,232.2,1161.0,設定1,24.5,22.8,20.6,17.8,14.4
2026-07-09,SBﾆｭｰｷﾝｸﾞﾊﾅﾊﾅV-30,320,6291,22,19,1701,448,153.4,331.1,設定V,10.1,14.1,19.6,26.0,30.2
2026-07-09,SBﾆｭｰｷﾝｸﾞﾊﾅﾊﾅV-30,319,3566,13,13,1586,709,137.2,274.3,設定V,9.1,12.5,17.7,25.4,35.2
2026-07-08,SBﾆｭｰｷﾝｸﾞﾊﾅﾊﾅV-30,372,640,1,0,325,-591,640.0,0.0,設定1,25.8,23.3,20.4,17.1,13.4
2026-07-08,SBﾆｭｰｷﾝｸﾞﾊﾅﾊﾅV-30,371,1028,2,1,478,-697,342.7,1028.0,設定1,26.0,23.5,20.6,16.9,13.0
2026-07-08,SBﾆｭｰｷﾝｸﾞﾊﾅﾊﾅV-30,370,2805,9,4,989,-633,215.8,701.2,設定1,27.5,24.7,20.9,16.1,10.7
2026-07-08,SBﾆｭｰｷﾝｸﾞﾊﾅﾊﾅV-30,369,4704,19,14,1715,1104,142.5,336.0,設定V,9.9,13.5,18.6,25.6,32.4
2026-07-08,SBﾆｭｰｷﾝｸﾞﾊﾅﾊﾅV-30,368,1125,5,2,1282,231,160.7,562.5,設定3,19.9,20.2,20.4,20.2,19.3
2026-07-08,SBﾆｭｰｷﾝｸﾞﾊﾅﾊﾅV-30,367,641,1,0,313,-593,641.0,0.0,設定1,25.8,23.3,20.4,17.0,13.4
2026-07-08,SBﾆｭｰｷﾝｸﾞﾊﾅﾊﾅV-30,366,5884,25,17,2392,1699,140.1,346.1,設定V,7.8,11.6,17.5,26.5,36.5
2026-07-08,SBﾆｭｰｷﾝｸﾞﾊﾅﾊﾅV-30,365,642,1,2,364,-334,214.0,321.0,設定2,20.4,20.5,20.4,19.9,18.9
2026-07-08,SBﾆｭｰｷﾝｸﾞﾊﾅﾊﾅV-30,364,2566,7,6,933,-660,197.4,427.7,設定1,22.4,22.2,21.2,18.9,15.2
2026-07-08,SBﾆｭｰｷﾝｸﾞﾊﾅﾊﾅV-30,363,289,0,1,136,-278,289.0,289.0,判定不能(G不足),20.6,20.5,20.2,19.7,19.0
2026-07-08,SBﾆｭｰｷﾝｸﾞﾊﾅﾊﾅV-30,362,1844,5,3,792,-654,230.5,614.7,設定1,25.3,23.5,20.9,17.3,13.0
2026-07-08,SBﾆｭｰｷﾝｸﾞﾊﾅﾊﾅV-30,361,4021,18,12,2117,1496,134.0,335.1,設定V,9.3,12.7,17.8,25.5,34.7
2026-07-08,SBﾆｭｰｷﾝｸﾞﾊﾅﾊﾅV-30,360,8645,33,34,2671,2505,129.0,254.3,設定V,1.0,2.5,7.1,22.1,67.3
2026-07-08,SBﾆｭｰｷﾝｸﾞﾊﾅﾊﾅV-30,359,462,1,1,312,-210,231.0,462.0,判定不能(G不足),21.0,20.8,20.3,19.5,18.3
2026-07-08,SBﾆｭｰｷﾝｸﾞﾊﾅﾊﾅV-30,358,335,0,0,15,-473,0.0,0.0,判定不能(G不足),23.8,22.3,20.4,18.1,15.5
2026-07-08,SBﾆｭｰｷﾝｸﾞﾊﾅﾊﾅV-30,357,3545,18,10,2664,1909,126.6,354.5,設定V,9.2,12.5,17.5,25.3,35.6
2026-07-08,SBﾆｭｰｷﾝｸﾞﾊﾅﾊﾅV-30,356,240,0,0,14,-338,0.0,0.0,判定不能(G不足),22.7,21.6,20.3,18.7,16.7
2026-07-08,SBﾆｭｰｷﾝｸﾞﾊﾅﾊﾅV-30,355,5311,16,17,1547,-299,160.9,312.4,設定V,12.3,15.9,20.5,24.8,26.5
2026-07-08,SBﾆｭｰｷﾝｸﾞﾊﾅﾊﾅV-30,354,2754,9,3,645,-691,229.5,918.0,設定1,29.6,25.5,20.6,15.0,9.3
2026-07-08,SBﾆｭｰｷﾝｸﾞﾊﾅﾊﾅV-30,353,3497,12,5,1110,-545,205.7,699.4,設定1,28.1,25.1,21.0,15.8,10.0
2026-07-08,SBﾆｭｰｷﾝｸﾞﾊﾅﾊﾅV-30,352,4994,23,12,2689,1682,142.7,416.2,設定V,11.7,15.0,19.5,25.0,28.8
2026-07-08,SBﾆｭｰｷﾝｸﾞﾊﾅﾊﾅV-30,351,2356,8,9,1320,338,138.6,261.8,設定V,12.1,14.9,18.9,24.1,30.0
2026-07-08,SBﾆｭｰｷﾝｸﾞﾊﾅﾊﾅV-30,350,665,3,0,592,-3,221.7,0.0,設定1,23.0,21.9,20.4,18.6,16.2
2026-07-08,SBﾆｭｰｷﾝｸﾞﾊﾅﾊﾅV-30,349,1215,3,3,682,-390,202.5,405.0,設定1,21.2,21.1,20.6,19.5,17.5
2026-07-08,SBﾆｭｰｷﾝｸﾞﾊﾅﾊﾅV-30,348,6071,20,18,1675,5,159.8,337.3,設定V,12.3,16.0,20.7,25.0,26.0
2026-07-08,SBﾆｭｰｷﾝｸﾞﾊﾅﾊﾅV-30,347,845,2,0,387,-569,422.5,0.0,設定1,26.6,23.8,20.4,16.6,12.6
2026-07-08,SBﾆｭｰｷﾝｸﾞﾊﾅﾊﾅV-30,346,2953,11,7,1006,171,164.1,421.9,設定4,18.4,19.8,20.9,21.2,19.7
2026-07-08,SBﾆｭｰｷﾝｸﾞﾊﾅﾊﾅV-30,345,3071,13,6,2043,498,161.6,511.8,設定3,19.3,20.3,21.0,20.8,18.6
2026-07-08,SBﾆｭｰｷﾝｸﾞﾊﾅﾊﾅV-30,344,555,1,0,318,-471,555.0,0.0,設定1,24.8,22.8,20.4,17.6,14.4
2026-07-08,SBﾆｭｰｷﾝｸﾞﾊﾅﾊﾅV-30,343,3422,14,8,1386,574,155.5,427.8,設定4,16.7,18.7,20.7,22.2,21.7
2026-07-08,SBﾆｭｰｷﾝｸﾞﾊﾅﾊﾅV-30,342,3939,19,4,1546,884,171.3,984.8,設定1,25.2,23.7,21.2,17.6,12.3
2026-07-08,SBﾆｭｰｷﾝｸﾞﾊﾅﾊﾅV-30,341,581,1,1,322,-378,290.5,581.0,設定1,22.4,21.6,20.4,18.8,16.8
2026-07-08,SBﾆｭｰｷﾝｸﾞﾊﾅﾊﾅV-30,340,2829,10,10,1877,424,141.4,282.9,設定V,11.9,14.9,19.0,24.3,30.0
2026-07-08,SBﾆｭｰｷﾝｸﾞﾊﾅﾊﾅV-30,339,7220,29,26,2177,2230,131.3,277.7,設定V,2.5,5.1,11.1,25.5,55.8
2026-07-08,SBﾆｭｰｷﾝｸﾞﾊﾅﾊﾅV-30,338,193,0,0,15,-272,0.0,0.0,判定不能(G不足),22.2,21.3,20.3,18.9,17.3
2026-07-08,SBﾆｭｰｷﾝｸﾞﾊﾅﾊﾅV-30,337,8796,35,27,2868,2006,141.9,325.8,設定V,4.3,7.8,14.8,27.7,45.4
2026-07-08,SBﾆｭｰｷﾝｸﾞﾊﾅﾊﾅV-30,336,5215,15,12,1214,-1125,193.1,434.6,設定1,24.2,23.9,22.2,17.9,11.8
2026-07-08,SBﾆｭｰｷﾝｸﾞﾊﾅﾊﾅV-30,335,3484,10,11,1062,-370,165.9,316.7,設定V,15.6,18.1,20.8,22.7,22.7
2026-07-08,SBﾆｭｰｷﾝｸﾞﾊﾅﾊﾅV-30,334,1321,6,4,1412,526,132.1,330.2,設定V,15.7,17.5,19.7,22.3,24.9
2026-07-08,SBﾆｭｰｷﾝｸﾞﾊﾅﾊﾅV-30,333,1029,3,0,831,-517,343.0,0.0,設定1,27.2,24.1,20.4,16.3,12.0
2026-07-08,SBﾆｭｰｷﾝｸﾞﾊﾅﾊﾅV-30,332,2882,11,8,1577,401,151.7,360.2,設定V,15.3,17.6,20.2,22.8,24.0
2026-07-08,SBﾆｭｰｷﾝｸﾞﾊﾅﾊﾅV-30,331,355,0,1,133,-371,355.0,355.0,判定不能(G不足),21.3,20.9,20.3,19.4,18.0
2026-07-08,SBﾆｭｰｷﾝｸﾞﾊﾅﾊﾅV-30,330,5374,18,16,1743,105,158.1,335.9,設定V,12.6,16.1,20.5,24.7,26.2
2026-07-08,SBﾆｭｰｷﾝｸﾞﾊﾅﾊﾅV-30,329,966,1,2,470,-792,322.0,483.0,設定1,24.1,22.6,20.7,17.9,14.7
2026-07-08,SBﾆｭｰｷﾝｸﾞﾊﾅﾊﾅV-30,328,1254,3,2,639,-575,250.8,627.0,設定1,24.3,22.8,20.7,17.8,14.3
2026-07-08,SBﾆｭｰｷﾝｸﾞﾊﾅﾊﾅV-30,327,3268,13,12,2139,1000,130.7,272.3,設定V,8.7,12.0,17.2,25.4,36.7
2026-07-08,SBﾆｭｰｷﾝｸﾞﾊﾅﾊﾅV-30,326,753,2,0,650,-439,376.5,0.0,設定1,25.6,23.2,20.4,17.2,13.6
2026-07-08,SBﾆｭｰｷﾝｸﾞﾊﾅﾊﾅV-30,325,681,0,0,29,-961,0.0,0.0,設定1,27.8,24.3,20.3,15.9,11.6
2026-07-08,SBﾆｭｰｷﾝｸﾞﾊﾅﾊﾅV-30,324,1836,4,3,552,-955,262.3,612.0,設定1,26.8,24.2,20.8,16.5,11.8
2026-07-08,SBﾆｭｰｷﾝｸﾞﾊﾅﾊﾅV-30,323,3512,14,7,1329,317,167.2,501.7,設定3,20.0,20.9,21.3,20.4,17.4
2026-07-08,SBﾆｭｰｷﾝｸﾞﾊﾅﾊﾅV-30,322,1020,0,1,131,-1310,1020.0,1020.0,設定1,29.0,24.9,20.3,15.3,10.4
2026-07-08,SBﾆｭｰｷﾝｸﾞﾊﾅﾊﾅV-30,321,4225,23,6,2027,1988,145.7,704.2,設定4,17.5,19.2,20.8,22.0,20.5
2026-07-08,SBﾆｭｰｷﾝｸﾞﾊﾅﾊﾅV-30,320,1284,4,4,621,-45,160.5,321.0,設定V,18.0,19.1,20.3,21.2,21.5
2026-07-08,SBﾆｭｰｷﾝｸﾞﾊﾅﾊﾅV-30,319,4832,23,9,3331,1521,151.0,536.9,設定4,16.5,18.8,21.0,22.6,21.1
2026-07-07,SBﾆｭｰｷﾝｸﾞﾊﾅﾊﾅV-30,372,5357,19,7,1042,-728,206.0,765.3,設定1,33.1,27.4,20.4,12.9,6.2
2026-07-07,SBﾆｭｰｷﾝｸﾞﾊﾅﾊﾅV-30,371,8600,36,28,2995,2725,134.4,307.1,設定V,2.5,5.2,11.5,26.2,54.6
2026-07-07,SBﾆｭｰｷﾝｸﾞﾊﾅﾊﾅV-30,370,4973,17,7,1172,-809,207.2,710.4,設定1,31.8,26.9,20.7,13.6,7.0
2026-07-07,SBﾆｭｰｷﾝｸﾞﾊﾅﾊﾅV-30,369,7944,33,19,2768,1545,152.8,418.1,設定V,11.6,15.6,20.8,25.8,26.2
2026-07-07,SBﾆｭｰｷﾝｸﾞﾊﾅﾊﾅV-30,368,2790,8,5,702,-794,214.6,558.0,設定1,26.1,24.1,21.1,16.9,11.7
2026-07-07,SBﾆｭｰｷﾝｸﾞﾊﾅﾊﾅV-30,367,5535,18,11,945,-771,190.9,503.2,設定1,25.9,24.8,22.0,16.9,10.4
2026-07-07,SBﾆｭｰｷﾝｸﾞﾊﾅﾊﾅV-30,366,9221,38,28,2978,2472,139.7,329.3,設定V,3.6,6.8,13.7,27.6,48.4
2026-07-07,SBﾆｭｰｷﾝｸﾞﾊﾅﾊﾅV-30,365,7208,32,11,1975,1233,167.6,655.3,設定2,23.8,23.9,22.3,18.4,11.6
2026-07-07,SBﾆｭｰｷﾝｸﾞﾊﾅﾊﾅV-30,364,5925,15,14,848,-1868,204.3,423.2,設定1,26.7,25.5,22.2,16.3,9.3
2026-07-07,SBﾆｭｰｷﾝｸﾞﾊﾅﾊﾅV-30,363,8628,39,16,3544,2061,156.9,539.2,設定4,16.7,19.8,22.4,23.0,18.0
2026-07-07,SBﾆｭｰｷﾝｸﾞﾊﾅﾊﾅV-30,362,5985,18,14,1708,-1017,187.0,427.5,設定2,23.1,23.6,22.5,18.6,12.3
2026-07-07,SBﾆｭｰｷﾝｸﾞﾊﾅﾊﾅV-30,361,6451,17,14,1299,-1987,208.1,460.8,設定1,29.5,26.7,21.8,14.6,7.3
2026-07-07,SBﾆｭｰｷﾝｸﾞﾊﾅﾊﾅV-30,360,9114,34,26,2665,1115,151.9,350.5,設定V,7.6,11.9,18.8,27.9,33.8
2026-07-07,SBﾆｭｰｷﾝｸﾞﾊﾅﾊﾅV-30,359,4907,12,14,907,-1366,188.7,350.5,設定3,20.1,21.7,22.2,20.3,15.7
2026-07-07,SBﾆｭｰｷﾝｸﾞﾊﾅﾊﾅV-30,358,5633,27,13,2996,2157,140.8,433.3,設定V,10.7,14.2,19.2,25.6,30.4
2026-07-07,SBﾆｭｰｷﾝｸﾞﾊﾅﾊﾅV-30,357,5046,10,13,577,-2316,219.4,388.2,設定1,27.0,25.4,22.0,16.1,9.4
2026-07-07,SBﾆｭｰｷﾝｸﾞﾊﾅﾊﾅV-30,356,9052,37,19,2630,1228,161.6,476.4,設定4,16.6,19.9,22.8,23.1,17.6
2026-07-07,SBﾆｭｰｷﾝｸﾞﾊﾅﾊﾅV-30,355,2962,5,4,625,-2103,329.1,740.5,設定1,35.4,27.6,19.5,11.8,5.8
2026-07-07,SBﾆｭｰｷﾝｸﾞﾊﾅﾊﾅV-30,354,8787,47,22,5515,5113,127.3,399.4,設定V,2.8,5.5,11.6,26.3,53.7
2026-07-07,SBﾆｭｰｷﾝｸﾞﾊﾅﾊﾅV-30,353,3861,11,8,943,-981,203.2,482.6,設定1,25.6,24.2,21.6,17.1,11.5
2026-07-07,SBﾆｭｰｷﾝｸﾞﾊﾅﾊﾅV-30,352,8037,36,19,2644,2350,146.1,423.0,設定V,9.4,13.4,19.4,26.8,31.0
2026-07-07,SBﾆｭｰｷﾝｸﾞﾊﾅﾊﾅV-30,351,2426,8,4,1245,-410,202.2,606.5,設定1,24.7,23.3,21.0,17.7,13.3
2026-07-07,SBﾆｭｰｷﾝｸﾞﾊﾅﾊﾅV-30,350,9608,43,30,4438,3745,131.6,320.3,設定V,1.8,3.9,9.7,25.1,59.5
2026-07-07,SBﾆｭｰｷﾝｸﾞﾊﾅﾊﾅV-30,349,7384,29,17,1805,828,160.5,434.4,設定4,15.3,18.7,22.0,23.6,20.4
2026-07-07,SBﾆｭｰｷﾝｸﾞﾊﾅﾊﾅV-30,348,3539,12,3,1271,-864,235.9,1179.7,設定1,34.0,27.2,19.8,12.6,6.4
2026-07-07,SBﾆｭｰｷﾝｸﾞﾊﾅﾊﾅV-30,347,8234,30,15,2782,-319,183.0,548.9,設定1,27.4,26.1,22.4,16.0,8.1
2026-07-07,SBﾆｭｰｷﾝｸﾞﾊﾅﾊﾅV-30,346,3215,6,5,478,-2018,292.3,643.0,設定1,34.0,27.3,19.9,12.4,6.3
2026-07-07,SBﾆｭｰｷﾝｸﾞﾊﾅﾊﾅV-30,345,4955,4,6,415,-4970,495.5,825.8,設定1,51.8,29.3,13.5,4.4,1.0
2026-07-07,SBﾆｭｰｷﾝｸﾞﾊﾅﾊﾅV-30,344,8287,29,18,1965,-316,176.3,460.4,設定2,21.8,23.4,23.2,19.5,12.1
2026-07-07,SBﾆｭｰｷﾝｸﾞﾊﾅﾊﾅV-30,343,2956,11,5,1318,-93,184.8,591.2,設定1,23.5,22.8,21.2,18.4,14.1
2026-07-07,SBﾆｭｰｷﾝｸﾞﾊﾅﾊﾅV-30,342,7291,24,12,2492,-1249,202.5,607.6,設定1,33.7,28.1,20.7,12.3,5.2
2026-07-07,SBﾆｭｰｷﾝｸﾞﾊﾅﾊﾅV-30,341,5821,18,16,996,-525,171.2,363.8,設定4,16.6,19.4,22.0,22.6,19.4
2026-07-07,SBﾆｭｰｷﾝｸﾞﾊﾅﾊﾅV-30,340,7707,36,23,3821,3336,130.6,335.1,設定V,3.2,6.1,12.4,26.4,51.9
2026-07-07,SBﾆｭｰｷﾝｸﾞﾊﾅﾊﾅV-30,339,6326,26,15,2381,1127,154.3,421.7,設定4,13.6,17.0,21.0,24.4,23.9
2026-07-07,SBﾆｭｰｷﾝｸﾞﾊﾅﾊﾅV-30,338,5707,13,20,1271,-1404,172.9,285.4,設定4,13.1,16.8,21.3,24.5,24.3
2026-07-07,SBﾆｭｰｷﾝｸﾞﾊﾅﾊﾅV-30,337,8038,22,22,2113,-1628,182.7,365.4,設定3,19.2,22.0,23.4,21.1,14.4
2026-07-07,SBﾆｭｰｷﾝｸﾞﾊﾅﾊﾅV-30,336,6899,19,15,1728,-1866,202.9,459.9,設定1,28.9,26.6,22.0,15.0,7.5
2026-07-07,SBﾆｭｰｷﾝｸﾞﾊﾅﾊﾅV-30,335,10168,41,25,3120,1680,154.1,406.7,設定V,9.9,14.5,20.8,27.3,27.6
2026-07-07,SBﾆｭｰｷﾝｸﾞﾊﾅﾊﾅV-30,334,5763,14,17,813,-1561,185.9,339.0,設定3,18.9,21.2,22.5,21.1,16.3
2026-07-07,SBﾆｭｰｷﾝｸﾞﾊﾅﾊﾅV-30,333,5336,20,6,1378,-516,205.2,889.3,設定1,34.0,27.6,20.1,12.4,5.8
2026-07-07,SBﾆｭｰｷﾝｸﾞﾊﾅﾊﾅV-30,332,9395,42,32,5935,3994,127.0,293.6,設定V,1.0,2.5,7.2,22.4,66.9
2026-07-07,SBﾆｭｰｷﾝｸﾞﾊﾅﾊﾅV-30,331,9139,42,22,4628,3056,142.8,415.4,設定V,7.0,11.0,17.8,27.9,36.3
2026-07-07,SBﾆｭｰｷﾝｸﾞﾊﾅﾊﾅV-30,330,8064,30,23,1916,960,152.2,350.6,設定V,8.6,12.9,19.3,27.2,32.0
2026-07-07,SBﾆｭｰｷﾝｸﾞﾊﾅﾊﾅV-30,329,6828,30,19,3713,2186,139.3,359.4,設定V,6.8,10.5,16.9,27.0,38.8
2026-07-07,SBﾆｭｰｷﾝｸﾞﾊﾅﾊﾅV-30,328,3452,10,8,1002,-715,191.8,431.5,設定1,22.6,22.5,21.6,18.9,14.4
2026-07-07,SBﾆｭｰｷﾝｸﾞﾊﾅﾊﾅV-30,327,9816,36,31,2216,1397,146.5,316.6,設定V,4.2,7.8,15.1,28.3,44.6
2026-07-07,SBﾆｭｰｷﾝｸﾞﾊﾅﾊﾅV-30,326,5102,19,10,1255,21,175.9,510.2,設定2,22.3,22.7,22.0,19.2,13.8
2026-07-07,SBﾆｭｰｷﾝｸﾞﾊﾅﾊﾅV-30,325,9302,43,23,4260,3267,140.9,404.4,設定V,5.9,9.8,16.7,28.1,39.5
2026-07-07,SBﾆｭｰｷﾝｸﾞﾊﾅﾊﾅV-30,324,3088,9,2,985,-1293,280.7,1544.0,設定1,36.2,27.7,19.2,11.4,5.5
2026-07-07,SBﾆｭｰｷﾝｸﾞﾊﾅﾊﾅV-30,323,7422,31,10,2315,489,181.0,742.2,設定1,30.2,26.8,21.5,14.5,7.1
2026-07-07,SBﾆｭｰｷﾝｸﾞﾊﾅﾊﾅV-30,322,8818,49,21,5642,5563,126.0,419.9,設定V,2.8,5.5,11.5,26.2,53.9
2026-07-07,SBﾆｭｰｷﾝｸﾞﾊﾅﾊﾅV-30,321,6983,26,17,1900,459,162.4,410.8,設定4,15.3,18.6,21.9,23.5,20.6
2026-07-07,SBﾆｭｰｷﾝｸﾞﾊﾅﾊﾅV-30,320,2379,7,4,607,-656,216.3,594.8,設定1,25.7,23.8,21.0,17.1,12.4
2026-07-07,SBﾆｭｰｷﾝｸﾞﾊﾅﾊﾅV-30,319,8753,31,24,3290,429,159.1,364.7,設定4,10.9,15.3,21.1,26.4,26.3
2026-07-06,SBﾆｭｰｷﾝｸﾞﾊﾅﾊﾅV-30,372,6788,27,16,2023,916,157.9,424.2,設定4,14.5,17.9,21.5,24.0,22.2
2026-07-06,SBﾆｭｰｷﾝｸﾞﾊﾅﾊﾅV-30,371,2669,8,9,914,-103,157.0,296.6,設定V,14.9,17.3,20.2,23.0,24.7
2026-07-06,SBﾆｭｰｷﾝｸﾞﾊﾅﾊﾅV-30,370,719,1,1,325,-573,359.5,719.0,設定1,24.0,22.5,20.5,18.0,15.0
2026-07-06,SBﾆｭｰｷﾝｸﾞﾊﾅﾊﾅV-30,369,1445,4,3,510,-402,206.4,481.7,設定1,22.3,21.8,20.8,19.0,16.2
2026-07-06,SBﾆｭｰｷﾝｸﾞﾊﾅﾊﾅV-30,368,6438,23,22,2319,942,143.1,292.6,設定V,6.0,9.6,16.2,27.0,41.2
2026-07-06,SBﾆｭｰｷﾝｸﾞﾊﾅﾊﾅV-30,367,840,1,1,361,-744,420.0,840.0,設定1,25.4,23.2,20.6,17.3,13.6
2026-07-06,SBﾆｭｰｷﾝｸﾞﾊﾅﾊﾅV-30,366,4592,18,11,1820,560,158.3,417.5,設定4,16.1,18.6,21.1,22.7,21.6
2026-07-06,SBﾆｭｰｷﾝｸﾞﾊﾅﾊﾅV-30,365,7168,33,14,2959,1991,152.5,512.0,設定4,14.9,18.1,21.5,23.9,21.6
2026-07-06,SBﾆｭｰｷﾝｸﾞﾊﾅﾊﾅV-30,364,411,0,1,131,-450,411.0,411.0,判定不能(G不足),22.0,21.3,20.4,19.0,17.3
2026-07-06,SBﾆｭｰｷﾝｸﾞﾊﾅﾊﾅV-30,363,4353,23,14,3676,2847,117.6,310.9,設定V,4.8,7.8,13.6,25.6,48.2
2026-07-06,SBﾆｭｰｷﾝｸﾞﾊﾅﾊﾅV-30,362,5544,24,13,2476,1347,149.8,426.5,設定V,13.2,16.5,20.5,24.4,25.4
2026-07-06,SBﾆｭｰｷﾝｸﾞﾊﾅﾊﾅV-30,361,1208,5,2,730,113,172.6,604.0,設定1,20.8,20.8,20.5,19.7,18.2
2026-07-06,SBﾆｭｰｷﾝｸﾞﾊﾅﾊﾅV-30,360,4155,14,14,1161,319,148.4,296.8,設定V,10.8,14.2,19.1,25.1,30.8
2026-07-06,SBﾆｭｰｷﾝｸﾞﾊﾅﾊﾅV-30,359,2227,7,3,905,-571,222.7,742.3,設定1,26.7,24.2,20.8,16.6,11.7
2026-07-06,SBﾆｭｰｷﾝｸﾞﾊﾅﾊﾅV-30,358,1000,2,2,329,-528,250.0,500.0,設定1,23.0,22.0,20.6,18.6,15.8
2026-07-06,SBﾆｭｰｷﾝｸﾞﾊﾅﾊﾅV-30,357,2200,7,4,957,-403,200.0,550.0,設定1,23.6,22.7,21.0,18.3,14.4
2026-07-06,SBﾆｭｰｷﾝｸﾞﾊﾅﾊﾅV-30,356,847,1,1,324,-754,423.5,847.0,設定1,25.4,23.3,20.6,17.2,13.5
2026-07-06,SBﾆｭｰｷﾝｸﾞﾊﾅﾊﾅV-30,355,7162,32,11,2216,1298,166.6,651.1,設定2,23.3,23.6,22.3,18.7,12.1
2026-07-06,SBﾆｭｰｷﾝｸﾞﾊﾅﾊﾅV-30,354,7210,27,15,2695,190,171.7,480.7,設定3,20.8,22.4,22.7,20.2,13.9
2026-07-06,SBﾆｭｰｷﾝｸﾞﾊﾅﾊﾅV-30,353,6729,20,17,1500,-1054,181.9,395.8,設定3,20.6,22.4,22.8,20.2,14.0
2026-07-06,SBﾆｭｰｷﾝｸﾞﾊﾅﾊﾅV-30,352,2192,6,4,469,-703,219.2,548.0,設定1,25.1,23.4,21.0,17.5,13.0
2026-07-06,SBﾆｭｰｷﾝｸﾞﾊﾅﾊﾅV-30,351,1479,4,0,873,-840,369.8,0.0,設定1,30.9,25.7,20.0,14.3,9.1
2026-07-06,SBﾆｭｰｷﾝｸﾞﾊﾅﾊﾅV-30,350,3329,10,6,997,-801,208.1,554.8,設定1,26.5,24.4,21.2,16.7,11.1
2026-07-06,SBﾆｭｰｷﾝｸﾞﾊﾅﾊﾅV-30,349,4316,20,5,2126,794,172.6,863.2,設定1,25.3,23.9,21.3,17.5,12.0
2026-07-06,SBﾆｭｰｷﾝｸﾞﾊﾅﾊﾅV-30,348,2630,5,8,527,-1114,202.3,328.8,設定2,20.9,21.4,21.3,19.8,16.6
2026-07-06,SBﾆｭｰｷﾝｸﾞﾊﾅﾊﾅV-30,347,9771,29,15,1016,-2802,222.1,651.4,設定1,44.6,30.4,16.8,6.6,1.6
2026-07-06,SBﾆｭｰｷﾝｸﾞﾊﾅﾊﾅV-30,346,2439,9,5,1402,13,174.2,487.8,設定2,20.7,21.1,21.0,19.9,17.3
2026-07-06,SBﾆｭｰｷﾝｸﾞﾊﾅﾊﾅV-30,345,7306,29,17,2562,939,158.8,429.8,設定4,14.6,18.1,21.8,24.0,21.5
2026-07-06,SBﾆｭｰｷﾝｸﾞﾊﾅﾊﾅV-30,344,1249,4,2,604,-256,208.2,624.5,設定1,22.8,21.9,20.7,18.7,15.9
2026-07-06,SBﾆｭｰｷﾝｸﾞﾊﾅﾊﾅV-30,343,3477,10,8,1092,-750,193.2,434.6,設定1,22.9,22.7,21.6,18.7,14.1
2026-07-06,SBﾆｭｰｷﾝｸﾞﾊﾅﾊﾅV-30,342,3482,11,11,1580,-55,158.3,316.5,設定V,14.4,17.1,20.4,23.4,24.8
2026-07-06,SBﾆｭｰｷﾝｸﾞﾊﾅﾊﾅV-30,341,3253,11,5,742,-512,203.3,650.6,設定1,26.8,24.5,21.1,16.5,11.0
2026-07-06,SBﾆｭｰｷﾝｸﾞﾊﾅﾊﾅV-30,340,1404,1,4,327,-1151,280.8,351.0,設定1,23.7,22.6,20.9,18.2,14.6
2026-07-06,SBﾆｭｰｷﾝｸﾞﾊﾅﾊﾅV-30,339,5763,20,14,1756,-79,169.5,411.6,設定3,18.0,20.3,22.0,21.8,17.9
2026-07-06,SBﾆｭｰｷﾝｸﾞﾊﾅﾊﾅV-30,338,2413,5,2,530,-1588,344.7,1206.5,設定1,34.6,27.2,19.5,12.3,6.4
2026-07-06,SBﾆｭｰｷﾝｸﾞﾊﾅﾊﾅV-30,337,4393,10,13,1144,-1394,191.0,337.9,設定3,20.0,21.5,22.0,20.4,16.1
2026-07-06,SBﾆｭｰｷﾝｸﾞﾊﾅﾊﾅV-30,336,4370,12,10,851,-1128,198.6,437.0,設定1,24.5,23.9,21.9,17.7,12.0
2026-07-06,SBﾆｭｰｷﾝｸﾞﾊﾅﾊﾅV-30,335,1435,4,3,548,-388,205.0,478.3,設定1,22.2,21.7,20.8,19.0,16.3
2026-07-06,SBﾆｭｰｷﾝｸﾞﾊﾅﾊﾅV-30,334,3962,15,9,1207,254,165.1,440.2,設定4,18.4,20.1,21.3,21.3,18.9
2026-07-06,SBﾆｭｰｷﾝｸﾞﾊﾅﾊﾅV-30,333,3357,9,6,778,-1153,223.8,559.5,設定1,28.3,25.3,21.1,15.6,9.7
2026-07-06,SBﾆｭｰｷﾝｸﾞﾊﾅﾊﾅV-30,332,1088,3,3,507,-210,181.3,362.7,設定3,19.8,20.2,20.5,20.2,19.3
2026-07-06,SBﾆｭｰｷﾝｸﾞﾊﾅﾊﾅV-30,331,7093,29,18,2918,1369,150.9,394.1,設定V,10.9,14.9,20.1,25.9,28.2
2026-07-06,SBﾆｭｰｷﾝｸﾞﾊﾅﾊﾅV-30,330,1402,2,4,345,-836,233.7,350.5,設定1,22.2,21.8,20.9,19.0,16.2
2026-07-06,SBﾆｭｰｷﾝｸﾞﾊﾅﾊﾅV-30,329,1765,8,2,1725,263,176.5,882.5,設定1,22.6,21.9,20.7,18.9,15.9
2026-07-06,SBﾆｭｰｷﾝｸﾞﾊﾅﾊﾅV-30,328,702,1,1,328,-549,351.0,702.0,設定1,23.8,22.4,20.5,18.1,15.2
2026-07-06,SBﾆｭｰｷﾝｸﾞﾊﾅﾊﾅV-30,327,7800,31,19,3465,1125,156.0,410.5,設定4,12.6,16.5,21.2,25.3,24.4
2026-07-06,SBﾆｭｰｷﾝｸﾞﾊﾅﾊﾅV-30,326,2309,10,1,945,-11,209.9,2309.0,設定1,28.5,24.8,20.5,15.7,10.5
2026-07-06,SBﾆｭｰｷﾝｸﾞﾊﾅﾊﾅV-30,325,1197,2,2,321,-806,299.2,598.5,設定1,25.2,23.2,20.7,17.4,13.5
2026-07-06,SBﾆｭｰｷﾝｸﾞﾊﾅﾊﾅV-30,324,2208,6,5,766,-596,200.7,441.6,設定1,22.6,22.2,21.1,18.8,15.3
2026-07-06,SBﾆｭｰｷﾝｸﾞﾊﾅﾊﾅV-30,323,7358,21,24,1369,-720,163.5,306.6,設定V,10.4,14.7,20.6,26.2,28.1
2026-07-06,SBﾆｭｰｷﾝｸﾞﾊﾅﾊﾅV-30,322,1824,5,5,1171,-366,182.4,364.8,設定3,19.8,20.5,20.8,20.3,18.6
2026-07-06,SBﾆｭｰｷﾝｸﾞﾊﾅﾊﾅV-30,321,2075,5,4,580,-850,230.6,518.8,設定1,25.2,23.5,21.0,17.4,12.9
2026-07-06,SBﾆｭｰｷﾝｸﾞﾊﾅﾊﾅV-30,320,9469,41,33,4667,3707,128.0,286.9,設定V,1.0,2.5,7.1,22.4,67.0
2026-07-06,SBﾆｭｰｷﾝｸﾞﾊﾅﾊﾅV-30,319,4497,15,10,1965,-371,179.9,449.7,設定2,21.6,22.2,21.8,19.6,14.8
2026-07-05,SBﾆｭｰｷﾝｸﾞﾊﾅﾊﾅV-30,372,5923,14,19,1274,-1527,179.5,311.7,設定4,15.9,19.1,22.2,22.9,19.9
2026-07-05,SBﾆｭｰｷﾝｸﾞﾊﾅﾊﾅV-30,371,7580,36,14,4887,2346,151.6,541.4,設定4,15.1,18.3,21.6,23.9,21.2
2026-07-05,SBﾆｭｰｷﾝｸﾞﾊﾅﾊﾅV-30,370,4743,17,15,1312,554,148.2,316.2,設定V,10.5,14.0,19.1,25.4,31.0
2026-07-05,SBﾆｭｰｷﾝｸﾞﾊﾅﾊﾅV-30,369,1404,7,0,1093,200,200.6,0.0,設定1,25.4,23.2,20.5,17.4,13.5
2026-07-05,SBﾆｭｰｷﾝｸﾞﾊﾅﾊﾅV-30,368,5748,21,14,1660,253,164.2,410.6,設定4,16.6,19.3,21.7,22.6,19.8
2026-07-05,SBﾆｭｰｷﾝｸﾞﾊﾅﾊﾅV-30,367,3509,7,11,555,-1342,194.9,319.0,設定3,19.9,21.1,21.7,20.4,16.9
2026-07-05,SBﾆｭｰｷﾝｸﾞﾊﾅﾊﾅV-30,366,731,3,0,575,-96,243.7,0.0,設定1,23.8,22.3,20.4,18.2,15.4
2026-07-05,SBﾆｭｰｷﾝｸﾞﾊﾅﾊﾅV-30,365,5753,17,21,1922,-91,151.4,274.0,設定V,7.8,11.7,18.0,26.6,35.9
2026-07-05,SBﾆｭｰｷﾝｸﾞﾊﾅﾊﾅV-30,364,761,0,1,132,-944,761.0,761.0,設定1,26.0,23.5,20.5,16.9,13.1
2026-07-05,SBﾆｭｰｷﾝｸﾞﾊﾅﾊﾅV-30,363,7662,33,20,3897,2074,144.6,383.1,設定V,8.0,12.0,18.3,27.2,34.5
2026-07-05,SBﾆｭｰｷﾝｸﾞﾊﾅﾊﾅV-30,362,2791,10,4,1166,-302,199.4,697.8,設定1,25.8,23.9,21.0,17.1,12.2
2026-07-05,SBﾆｭｰｷﾝｸﾞﾊﾅﾊﾅV-30,361,1805,5,3,633,-599,225.6,601.7,設定1,24.9,23.2,20.9,17.6,13.5
2026-07-05,SBﾆｭｰｷﾝｸﾞﾊﾅﾊﾅV-30,360,4420,15,12,1371,-2,163.7,368.3,設定4,16.0,18.5,21.1,22.7,21.6
2026-07-05,SBﾆｭｰｷﾝｸﾞﾊﾅﾊﾅV-30,359,5410,18,13,1123,-335,174.5,416.2,設定3,19.5,21.2,22.1,20.8,16.3
2026-07-05,SBﾆｭｰｷﾝｸﾞﾊﾅﾊﾅV-30,358,1506,3,2,419,-931,301.2,753.0,設定1,27.2,24.3,20.6,16.3,11.6
2026-07-05,SBﾆｭｰｷﾝｸﾞﾊﾅﾊﾅV-30,357,4203,17,5,1386,17,191.0,840.6,設定1,28.5,25.4,21.0,15.6,9.5
2026-07-05,SBﾆｭｰｷﾝｸﾞﾊﾅﾊﾅV-30,356,5620,24,13,2365,1240,151.9,432.3,設定V,13.9,17.1,20.7,24.1,24.2
2026-07-05,SBﾆｭｰｷﾝｸﾞﾊﾅﾊﾅV-30,355,3254,9,5,608,-1137,232.4,650.8,設定1,29.9,25.9,20.8,14.7,8.8
2026-07-05,SBﾆｭｰｷﾝｸﾞﾊﾅﾊﾅV-30,354,7469,28,20,2185,786,155.6,373.4,設定V,11.3,15.3,20.6,25.9,26.9
2026-07-05,SBﾆｭｰｷﾝｸﾞﾊﾅﾊﾅV-30,353,2369,5,4,598,-1265,263.2,592.2,設定1,28.6,25.1,20.8,15.5,10.0
2026-07-05,SBﾆｭｰｷﾝｸﾞﾊﾅﾊﾅV-30,352,3947,12,7,1340,-920,207.7,563.9,設定1,27.8,25.2,21.3,15.9,9.8
2026-07-05,SBﾆｭｰｷﾝｸﾞﾊﾅﾊﾅV-30,351,3817,13,11,931,94,159.0,347.0,設定V,15.0,17.7,20.6,23.1,23.6
2026-07-05,SBﾆｭｰｷﾝｸﾞﾊﾅﾊﾅV-30,350,1428,3,1,417,-950,357.0,1428.0,設定1,29.1,25.0,20.4,15.3,10.3
2026-07-05,SBﾆｭｰｷﾝｸﾞﾊﾅﾊﾅV-30,349,2883,6,8,596,-1159,205.9,360.4,設定2,22.2,22.3,21.5,19.0,15.0
2026-07-05,SBﾆｭｰｷﾝｸﾞﾊﾅﾊﾅV-30,348,5858,30,10,2856,2386,146.4,585.8,設定4,15.2,17.9,20.9,23.5,22.5
2026-07-05,SBﾆｭｰｷﾝｸﾞﾊﾅﾊﾅV-30,347,2499,5,9,1138,-799,178.5,277.7,設定4,17.1,18.9,20.8,21.8,21.4
2026-07-05,SBﾆｭｰｷﾝｸﾞﾊﾅﾊﾅV-30,346,3297,10,7,1137,-626,193.9,471.0,設定1,23.5,23.0,21.4,18.4,13.7
2026-07-05,SBﾆｭｰｷﾝｸﾞﾊﾅﾊﾅV-30,345,3086,11,6,1057,-146,181.5,514.3,設定1,22.3,22.2,21.3,19.1,15.1
2026-07-05,SBﾆｭｰｷﾝｸﾞﾊﾅﾊﾅV-30,344,1073,3,1,434,-449,268.2,1073.0,設定1,25.0,23.0,20.6,17.5,13.9
2026-07-05,SBﾆｭｰｷﾝｸﾞﾊﾅﾊﾅV-30,343,6575,19,18,1160,-1018,177.7,365.3,設定3,18.0,20.7,22.6,21.8,16.9
2026-07-05,SBﾆｭｰｷﾝｸﾞﾊﾅﾊﾅV-30,342,3467,14,9,1609,641,150.7,385.2,設定V,14.9,17.4,20.3,23.1,24.3
2026-07-05,SBﾆｭｰｷﾝｸﾞﾊﾅﾊﾅV-30,341,6601,27,16,2419,1180,153.5,412.6,設定V,12.9,16.5,20.8,24.8,25.0
2026-07-05,SBﾆｭｰｷﾝｸﾞﾊﾅﾊﾅV-30,340,1679,6,0,871,-499,279.8,0.0,設定1,30.1,25.4,20.2,14.8,9.5
2026-07-05,SBﾆｭｰｷﾝｸﾞﾊﾅﾊﾅV-30,339,5058,17,12,1037,-279,174.4,421.5,設定3,19.7,21.2,22.0,20.7,16.4
2026-07-05,SBﾆｭｰｷﾝｸﾞﾊﾅﾊﾅV-30,338,8424,32,33,4114,2375,129.6,255.3,設定V,1.1,2.8,7.7,22.7,65.7
2026-07-05,SBﾆｭｰｷﾝｸﾞﾊﾅﾊﾅV-30,337,3536,7,5,582,-2160,294.7,707.2,設定1,36.1,27.9,19.4,11.3,5.3
2026-07-05,SBﾆｭｰｷﾝｸﾞﾊﾅﾊﾅV-30,336,7246,30,16,1905,1205,157.5,452.9,設定4,15.0,18.3,21.8,23.8,21.1
2026-07-05,SBﾆｭｰｷﾝｸﾞﾊﾅﾊﾅV-30,335,5368,18,9,2384,-795,198.8,596.4,設定1,29.4,26.2,21.4,15.0,8.2
2026-07-05,SBﾆｭｰｷﾝｸﾞﾊﾅﾊﾅV-30,334,2143,8,2,746,-270,214.3,1071.5,設定1,26.9,24.2,20.7,16.5,11.7
2026-07-05,SBﾆｭｰｷﾝｸﾞﾊﾅﾊﾅV-30,333,5281,25,11,2192,1771,146.7,480.1,設定V,13.8,16.9,20.4,24.1,24.8
2026-07-05,SBﾆｭｰｷﾝｸﾞﾊﾅﾊﾅV-30,332,3375,6,9,772,-1724,225.0,375.0,設定1,25.0,23.9,21.6,17.4,12.0
2026-07-05,SBﾆｭｰｷﾝｸﾞﾊﾅﾊﾅV-30,331,5096,20,5,1661,-307,203.8,1019.2,設定1,34.1,27.5,20.0,12.5,5.9
2026-07-05,SBﾆｭｰｷﾝｸﾞﾊﾅﾊﾅV-30,330,6128,20,18,1306,-75,161.3,340.4,設定V,12.8,16.5,20.9,24.8,25.1
2026-07-05,SBﾆｭｰｷﾝｸﾞﾊﾅﾊﾅV-30,329,4904,17,10,1161,-322,181.6,490.4,設定2,23.1,23.1,21.9,18.7,13.2
2026-07-05,SBﾆｭｰｷﾝｸﾞﾊﾅﾊﾅV-30,328,3429,13,4,1236,-267,201.7,857.2,設定1,28.5,25.2,20.9,15.6,9.8
2026-07-05,SBﾆｭｰｷﾝｸﾞﾊﾅﾊﾅV-30,327,4824,16,5,1263,-1171,229.7,964.8,設定1,37.0,28.3,19.2,10.9,4.7
2026-07-05,SBﾆｭｰｷﾝｸﾞﾊﾅﾊﾅV-30,326,1185,5,0,935,-113,237.0,0.0,設定1,25.9,23.5,20.5,17.0,13.1
2026-07-05,SBﾆｭｰｷﾝｸﾞﾊﾅﾊﾅV-30,325,3437,10,5,640,-1084,229.1,687.4,設定1,30.4,26.1,20.7,14.4,8.3
2026-07-05,SBﾆｭｰｷﾝｸﾞﾊﾅﾊﾅV-30,324,7858,50,18,7523,6841,115.6,436.6,設定V,1.9,3.9,9.0,23.9,61.3
2026-07-05,SBﾆｭｰｷﾝｸﾞﾊﾅﾊﾅV-30,323,2089,5,5,543,-740,208.9,417.8,設定1,22.7,22.2,21.1,18.7,15.2
2026-07-05,SBﾆｭｰｷﾝｸﾞﾊﾅﾊﾅV-30,322,5863,19,17,2383,-142,162.9,344.9,設定4,13.6,17.1,21.2,24.3,23.8
2026-07-05,SBﾆｭｰｷﾝｸﾞﾊﾅﾊﾅV-30,321,1642,5,3,641,-369,205.2,547.3,設定1,23.0,22.2,20.8,18.6,15.4
2026-07-05,SBﾆｭｰｷﾝｸﾞﾊﾅﾊﾅV-30,320,4227,16,8,942,61,176.1,528.4,設定2,22.3,22.5,21.6,19.1,14.4
2026-07-05,SBﾆｭｰｷﾝｸﾞﾊﾅﾊﾅV-30,319,7025,25,18,1809,217,163.4,390.3,設定4,14.8,18.3,21.9,23.8,21.2
2026-07-04,SBﾆｭｰｷﾝｸﾞﾊﾅﾊﾅV-30,372,1713,4,3,592,-781,244.7,571.0,設定1,25.3,23.5,20.8,17.3,13.1
2026-07-04,SBﾆｭｰｷﾝｸﾞﾊﾅﾊﾅV-30,371,4546,10,10,735,-2000,227.3,454.6,設定1,29.4,26.2,21.3,14.8,8.2
2026-07-04,SBﾆｭｰｷﾝｸﾞﾊﾅﾊﾅV-30,370,2339,5,3,609,-1353,292.4,779.7,設定1,31.0,26.0,20.3,14.2,8.5
2026-07-04,SBﾆｭｰｷﾝｸﾞﾊﾅﾊﾅV-30,369,4437,18,5,1646,0,192.9,887.4,設定1,29.7,25.9,20.9,14.9,8.6
2026-07-04,SBﾆｭｰｷﾝｸﾞﾊﾅﾊﾅV-30,368,4429,17,13,1598,738,147.6,340.7,設定V,11.6,15.0,19.5,24.8,29.0
2026-07-04,SBﾆｭｰｷﾝｸﾞﾊﾅﾊﾅV-30,367,7446,32,19,2076,1937,146.0,391.9,設定V,9.0,13.0,19.0,26.8,32.3
2026-07-04,SBﾆｭｰｷﾝｸﾞﾊﾅﾊﾅV-30,366,1823,3,3,433,-1248,303.8,607.7,設定1,28.1,24.8,20.7,15.7,10.6
2026-07-04,SBﾆｭｰｷﾝｸﾞﾊﾅﾊﾅV-30,365,1444,2,4,326,-895,240.7,361.0,設定1,22.6,22.0,20.9,18.7,15.7
2026-07-04,SBﾆｭｰｷﾝｸﾞﾊﾅﾊﾅV-30,364,1439,3,3,412,-706,239.8,479.7,設定1,23.7,22.6,20.8,18.2,14.7
2026-07-04,SBﾆｭｰｷﾝｸﾞﾊﾅﾊﾅV-30,363,5254,12,20,1197,-1076,164.2,262.7,設定V,10.5,14.4,19.8,25.6,29.6
2026-07-04,SBﾆｭｰｷﾝｸﾞﾊﾅﾊﾅV-30,362,3700,15,3,1218,-155,205.6,1233.3,設定1,31.3,26.3,20.4,14.1,7.9
2026-07-04,SBﾆｭｰｷﾝｸﾞﾊﾅﾊﾅV-30,361,5313,19,10,1104,-276,183.2,531.3,設定1,24.6,24.0,22.0,17.8,11.6
2026-07-04,SBﾆｭｰｷﾝｸﾞﾊﾅﾊﾅV-30,360,1147,2,2,499,-736,286.8,573.5,設定1,24.6,22.9,20.7,17.7,14.1
2026-07-04,SBﾆｭｰｷﾝｸﾞﾊﾅﾊﾅV-30,359,3320,13,7,2776,276,166.0,474.3,設定3,19.4,20.5,21.1,20.7,18.2
2026-07-04,SBﾆｭｰｷﾝｸﾞﾊﾅﾊﾅV-30,358,1785,5,5,650,-311,178.5,357.0,設定3,19.4,20.2,20.7,20.5,19.2
2026-07-04,SBﾆｭｰｷﾝｸﾞﾊﾅﾊﾅV-30,357,7963,38,23,4186,3599,130.5,346.2,設定V,3.2,6.1,12.4,26.4,51.9
2026-07-04,SBﾆｭｰｷﾝｸﾞﾊﾅﾊﾅV-30,356,991,3,2,770,-203,198.2,495.5,設定1,21.4,21.1,20.5,19.4,17.6
2026-07-04,SBﾆｭｰｷﾝｸﾞﾊﾅﾊﾅV-30,355,2603,7,5,588,-842,216.9,520.6,設定1,25.5,23.8,21.1,17.2,12.3
2026-07-04,SBﾆｭｰｷﾝｸﾞﾊﾅﾊﾅV-30,354,3768,10,6,661,-1421,235.5,628.0,設定1,31.5,26.6,20.6,13.8,7.5
2026-07-04,SBﾆｭｰｷﾝｸﾞﾊﾅﾊﾅV-30,353,3124,5,10,488,-1552,208.3,312.4,設定2,21.1,21.8,21.6,19.6,15.8
2026-07-04,SBﾆｭｰｷﾝｸﾞﾊﾅﾊﾅV-30,352,1665,6,2,629,-219,208.1,832.5,設定1,24.5,22.9,20.8,17.8,14.0
2026-07-04,SBﾆｭｰｷﾝｸﾞﾊﾅﾊﾅV-30,351,6566,28,17,2678,1672,145.9,386.2,設定V,9.7,13.6,19.2,26.2,31.3
2026-07-04,SBﾆｭｰｷﾝｸﾞﾊﾅﾊﾅV-30,350,1783,5,3,536,-568,222.9,594.3,設定1,24.6,23.1,20.9,17.7,13.7
2026-07-04,SBﾆｭｰｷﾝｸﾞﾊﾅﾊﾅV-30,349,3784,8,11,725,-1418,199.2,344.0,設定2,21.4,22.1,21.8,19.5,15.1
2026-07-04,SBﾆｭｰｷﾝｸﾞﾊﾅﾊﾅV-30,348,2509,8,4,1014,-527,209.1,627.2,設定1,25.6,23.8,21.0,17.2,12.4
2026-07-04,SBﾆｭｰｷﾝｸﾞﾊﾅﾊﾅV-30,347,1566,5,2,974,-391,223.7,783.0,設定1,24.9,23.1,20.7,17.6,13.7
2026-07-04,SBﾆｭｰｷﾝｸﾞﾊﾅﾊﾅV-30,346,6771,31,15,2189,2058,147.2,451.4,設定V,11.8,15.5,20.2,25.4,27.1
2026-07-04,SBﾆｭｰｷﾝｸﾞﾊﾅﾊﾅV-30,345,3021,9,6,1146,-678,201.4,503.5,設定1,24.5,23.4,21.3,17.8,12.9
2026-07-04,SBﾆｭｰｷﾝｸﾞﾊﾅﾊﾅV-30,344,2868,14,5,1991,967,150.9,573.6,設定4,18.2,19.5,20.7,21.3,20.3
2026-07-04,SBﾆｭｰｷﾝｸﾞﾊﾅﾊﾅV-30,343,2479,5,5,523,-1291,247.9,495.8,設定1,27.1,24.6,21.0,16.3,11.0
2026-07-04,SBﾆｭｰｷﾝｸﾞﾊﾅﾊﾅV-30,342,4217,18,10,2011,959,150.6,421.7,設定V,14.7,17.4,20.5,23.4,24.0
2026-07-04,SBﾆｭｰｷﾝｸﾞﾊﾅﾊﾅV-30,341,3055,11,5,1458,-232,190.9,611.0,設定1,24.6,23.4,21.2,17.8,13.0
2026-07-04,SBﾆｭｰｷﾝｸﾞﾊﾅﾊﾅV-30,340,3968,13,8,701,-508,189.0,496.0,設定1,23.9,23.3,21.6,18.2,13.0
2026-07-04,SBﾆｭｰｷﾝｸﾞﾊﾅﾊﾅV-30,339,3158,6,7,890,-1678,242.9,451.1,設定1,27.9,25.2,21.2,15.8,10.0
2026-07-04,SBﾆｭｰｷﾝｸﾞﾊﾅﾊﾅV-30,338,3721,16,3,1297,126,195.8,1240.3,設定1,30.0,25.8,20.6,14.8,8.8
2026-07-04,SBﾆｭｰｷﾝｸﾞﾊﾅﾊﾅV-30,337,9162,45,22,4359,3959,136.7,416.5,設定V,5.1,8.7,15.5,27.9,42.7
2026-07-04,SBﾆｭｰｷﾝｸﾞﾊﾅﾊﾅV-30,336,5831,12,7,1057,-3581,306.9,833.0,設定1,47.7,29.7,15.3,5.8,1.5
2026-07-04,SBﾆｭｰｷﾝｸﾞﾊﾅﾊﾅV-30,335,8643,30,24,3161,272,160.1,360.1,設定4,11.1,15.5,21.2,26.3,26.0
2026-07-04,SBﾆｭｰｷﾝｸﾞﾊﾅﾊﾅV-30,334,3591,16,7,1762,830,156.1,513.0,設定4,18.1,19.6,21.0,21.5,19.8
2026-07-04,SBﾆｭｰｷﾝｸﾞﾊﾅﾊﾅV-30,333,6583,24,18,1955,530,156.7,365.7,設定V,12.1,15.9,20.7,25.2,26.0
2026-07-04,SBﾆｭｰｷﾝｸﾞﾊﾅﾊﾅV-30,332,5856,23,13,1951,594,162.7,450.5,設定4,17.3,19.8,21.8,22.2,18.9
2026-07-04,SBﾆｭｰｷﾝｸﾞﾊﾅﾊﾅV-30,331,2845,10,5,917,-248,189.7,569.0,設定1,23.7,22.9,21.2,18.3,13.9
2026-07-04,SBﾆｭｰｷﾝｸﾞﾊﾅﾊﾅV-30,330,4824,20,10,1475,726,160.8,482.4,設定4,18.1,20.0,21.5,21.7,18.8
2026-07-04,SBﾆｭｰｷﾝｸﾞﾊﾅﾊﾅV-30,329,6816,27,14,3215,617,166.2,486.9,設定3,19.2,21.3,22.4,21.2,15.9
2026-07-04,SBﾆｭｰｷﾝｸﾞﾊﾅﾊﾅV-30,328,6265,29,32,2954,4359,102.7,195.8,設定V,0.2,0.6,2.7,13.7,82.8
2026-07-04,SBﾆｭｰｷﾝｸﾞﾊﾅﾊﾅV-30,327,2619,7,9,943,-345,163.7,291.0,設定V,15.6,17.9,20.4,22.6,23.5
2026-07-04,SBﾆｭｰｷﾝｸﾞﾊﾅﾊﾅV-30,326,4856,16,12,996,-306,173.4,404.7,設定3,19.0,20.7,21.9,21.1,17.3
2026-07-04,SBﾆｭｰｷﾝｸﾞﾊﾅﾊﾅV-30,325,3069,8,6,1109,-1058,219.2,511.5,設定1,26.6,24.5,21.2,16.6,11.2
2026-07-04,SBﾆｭｰｷﾝｸﾞﾊﾅﾊﾅV-30,324,2736,6,2,692,-1732,342.0,1368.0,設定1,36.7,27.8,19.0,11.1,5.3
2026-07-04,SBﾆｭｰｷﾝｸﾞﾊﾅﾊﾅV-30,323,5012,18,15,2027,487,151.9,334.1,設定V,11.5,15.1,19.8,25.1,28.6
2026-07-04,SBﾆｭｰｷﾝｸﾞﾊﾅﾊﾅV-30,322,2548,7,3,856,-1024,254.8,849.3,設定1,30.3,25.8,20.5,14.5,8.8
2026-07-04,SBﾆｭｰｷﾝｸﾞﾊﾅﾊﾅV-30,321,3367,8,7,928,-1349,224.5,481.0,設定1,27.3,24.9,21.3,16.2,10.4
2026-07-04,SBﾆｭｰｷﾝｸﾞﾊﾅﾊﾅV-30,320,7474,27,20,2143,467,159.0,373.7,設定4,12.3,16.3,21.2,25.3,24.8
2026-07-04,SBﾆｭｰｷﾝｸﾞﾊﾅﾊﾅV-30,319,4315,12,9,1405,-1180,205.5,479.4,設定1,26.6,24.8,21.6,16.6,10.4
2026-07-03,SBﾆｭｰｷﾝｸﾞﾊﾅﾊﾅV-30,372,5222,18,10,1351,-459,186.5,522.2,設定1,25.1,24.3,21.9,17.5,11.2
2026-07-03,SBﾆｭｰｷﾝｸﾞﾊﾅﾊﾅV-30,371,740,1,2,520,-473,246.7,370.0,設定1,21.5,21.2,20.5,19.3,17.5
2026-07-03,SBﾆｭｰｷﾝｸﾞﾊﾅﾊﾅV-30,370,235,0,0,16,-331,0.0,0.0,判定不能(G不足),22.6,21.6,20.3,18.7,16.7
2026-07-03,SBﾆｭｰｷﾝｸﾞﾊﾅﾊﾅV-30,369,6819,33,15,2495,2614,142.1,454.6,設定V,10.1,13.9,19.2,26.1,30.6
2026-07-03,SBﾆｭｰｷﾝｸﾞﾊﾅﾊﾅV-30,368,202,0,0,14,-285,0.0,0.0,判定不能(G不足),22.3,21.4,20.3,18.9,17.2
2026-07-03,SBﾆｭｰｷﾝｸﾞﾊﾅﾊﾅV-30,367,842,4,0,773,58,210.5,0.0,設定1,23.5,22.2,20.4,18.3,15.6
2026-07-03,SBﾆｭｰｷﾝｸﾞﾊﾅﾊﾅV-30,366,5176,21,12,1335,801,156.8,431.3,設定4,15.6,18.3,21.2,23.1,21.8
2026-07-03,SBﾆｭｰｷﾝｸﾞﾊﾅﾊﾅV-30,365,621,3,1,879,188,155.2,621.0,設定3,19.9,20.1,20.2,20.2,19.7
2026-07-03,SBﾆｭｰｷﾝｸﾞﾊﾅﾊﾅV-30,364,4980,16,12,1033,-481,177.9,415.0,設定3,20.3,21.6,22.0,20.3,15.8
2026-07-03,SBﾆｭｰｷﾝｸﾞﾊﾅﾊﾅV-30,363,625,1,2,443,-310,208.3,312.5,設定2,20.2,20.4,20.3,19.9,19.1
2026-07-03,SBﾆｭｰｷﾝｸﾞﾊﾅﾊﾅV-30,362,3077,7,4,1241,-1641,279.7,769.2,設定1,33.6,27.1,19.9,12.7,6.6
2026-07-03,SBﾆｭｰｷﾝｸﾞﾊﾅﾊﾅV-30,361,3145,12,4,1087,-177,196.6,786.2,設定1,26.8,24.4,21.0,16.6,11.2
2026-07-03,SBﾆｭｰｷﾝｸﾞﾊﾅﾊﾅV-30,360,1659,4,3,606,-705,237.0,553.0,設定1,24.7,23.1,20.9,17.6,13.6
2026-07-03,SBﾆｭｰｷﾝｸﾞﾊﾅﾊﾅV-30,359,4124,13,11,948,-338,171.8,374.9,設定4,18.0,19.9,21.5,21.6,19.0
2026-07-03,SBﾆｭｰｷﾝｸﾞﾊﾅﾊﾅV-30,358,897,3,0,484,-330,299.0,0.0,設定1,25.7,23.3,20.5,17.1,13.4
2026-07-03,SBﾆｭｰｷﾝｸﾞﾊﾅﾊﾅV-30,357,452,0,0,18,-638,0.0,0.0,判定不能(G不足),25.2,23.0,20.4,17.4,14.1
2026-07-03,SBﾆｭｰｷﾝｸﾞﾊﾅﾊﾅV-30,356,6314,24,26,3359,1950,126.3,242.8,設定V,2.0,4.2,9.6,24.0,60.2
2026-07-03,SBﾆｭｰｷﾝｸﾞﾊﾅﾊﾅV-30,355,1634,4,3,671,-669,233.4,544.7,設定1,24.4,23.0,20.9,17.8,13.9
2026-07-03,SBﾆｭｰｷﾝｸﾞﾊﾅﾊﾅV-30,354,1577,7,1,1237,86,197.1,1577.0,設定1,24.6,22.9,20.7,17.8,14.0
2026-07-03,SBﾆｭｰｷﾝｸﾞﾊﾅﾊﾅV-30,353,5691,25,11,2082,1192,158.1,517.4,設定4,17.7,19.9,21.6,22.0,18.8
2026-07-03,SBﾆｭｰｷﾝｸﾞﾊﾅﾊﾅV-30,352,856,2,2,719,-325,214.0,428.0,設定1,21.3,21.1,20.5,19.4,17.7
2026-07-03,SBﾆｭｰｷﾝｸﾞﾊﾅﾊﾅV-30,351,2678,11,5,1344,299,167.4,535.6,設定3,20.4,20.9,21.0,20.1,17.5
2026-07-03,SBﾆｭｰｷﾝｸﾞﾊﾅﾊﾅV-30,350,2281,7,2,565,-777,253.4,1140.5,設定1,30.0,25.6,20.4,14.8,9.2
2026-07-03,SBﾆｭｰｷﾝｸﾞﾊﾅﾊﾅV-30,349,4441,11,12,896,-1280,193.1,370.1,設定2,21.6,22.4,22.1,19.4,14.5
2026-07-03,SBﾆｭｰｷﾝｸﾞﾊﾅﾊﾅV-30,348,665,1,2,312,-367,221.7,332.5,設定1,20.7,20.6,20.4,19.7,18.5
2026-07-03,SBﾆｭｰｷﾝｸﾞﾊﾅﾊﾅV-30,347,1620,6,4,797,103,162.0,405.0,設定4,18.7,19.7,20.5,20.9,20.3
2026-07-03,SBﾆｭｰｷﾝｸﾞﾊﾅﾊﾅV-30,346,6655,21,15,1625,-897,184.9,443.7,設定2,23.4,23.9,22.6,18.4,11.6
2026-07-03,SBﾆｭｰｷﾝｸﾞﾊﾅﾊﾅV-30,345,2162,11,5,2012,1028,135.1,432.4,設定V,15.1,17.2,19.7,22.7,25.2
2026-07-03,SBﾆｭｰｷﾝｸﾞﾊﾅﾊﾅV-30,344,2130,6,4,1429,-616,213.0,532.5,設定1,24.4,23.1,21.0,17.9,13.7
2026-07-03,SBﾆｭｰｷﾝｸﾞﾊﾅﾊﾅV-30,343,1639,3,4,581,-858,234.1,409.8,設定1,23.3,22.5,20.9,18.4,14.9
2026-07-03,SBﾆｭｰｷﾝｸﾞﾊﾅﾊﾅV-30,342,2292,8,4,1645,-221,191.0,573.0,設定1,23.2,22.4,21.0,18.5,14.8
2026-07-03,SBﾆｭｰｷﾝｸﾞﾊﾅﾊﾅV-30,341,709,1,0,327,-689,709.0,0.0,設定1,26.6,23.7,20.4,16.6,12.7
2026-07-03,SBﾆｭｰｷﾝｸﾞﾊﾅﾊﾅV-30,340,4211,24,3,2329,1930,156.0,1403.7,設定1,23.5,22.7,21.2,18.7,14.0
2026-07-03,SBﾆｭｰｷﾝｸﾞﾊﾅﾊﾅV-30,339,2311,4,3,605,-1626,330.1,770.3,設定1,32.2,26.5,20.1,13.5,7.7
2026-07-03,SBﾆｭｰｷﾝｸﾞﾊﾅﾊﾅV-30,338,4777,18,9,1433,38,176.9,530.8,設定2,22.8,22.9,21.8,18.9,13.6
2026-07-03,SBﾆｭｰｷﾝｸﾞﾊﾅﾊﾅV-30,337,3838,9,8,638,-1572,225.8,479.8,設定1,28.4,25.5,21.3,15.5,9.3
2026-07-03,SBﾆｭｰｷﾝｸﾞﾊﾅﾊﾅV-30,336,4246,19,6,1858,710,169.8,707.7,設定1,23.3,22.9,21.5,18.6,13.7
2026-07-03,SBﾆｭｰｷﾝｸﾞﾊﾅﾊﾅV-30,335,2257,9,5,1032,270,161.2,451.4,設定4,18.8,19.8,20.7,20.9,19.8
2026-07-03,SBﾆｭｰｷﾝｸﾞﾊﾅﾊﾅV-30,334,1240,4,1,672,-373,248.0,1240.0,設定1,25.4,23.3,20.6,17.3,13.5
2026-07-03,SBﾆｭｰｷﾝｸﾞﾊﾅﾊﾅV-30,333,1585,4,0,682,-990,396.2,0.0,設定1,32.2,26.1,19.8,13.6,8.2
2026-07-03,SBﾆｭｰｷﾝｸﾞﾊﾅﾊﾅV-30,332,4905,19,17,2471,1210,136.2,288.5,設定V,6.7,10.3,16.3,26.3,40.4
2026-07-03,SBﾆｭｰｷﾝｸﾞﾊﾅﾊﾅV-30,331,3047,13,7,1348,662,152.3,435.3,設定4,16.6,18.5,20.5,22.2,22.1
2026-07-03,SBﾆｭｰｷﾝｸﾞﾊﾅﾊﾅV-30,330,3401,17,10,3013,1800,126.0,340.1,設定V,9.1,12.4,17.4,25.3,35.8
2026-07-03,SBﾆｭｰｷﾝｸﾞﾊﾅﾊﾅV-30,329,5789,30,14,3672,3003,131.6,413.5,設定V,7.5,11.0,16.8,26.5,38.3
2026-07-03,SBﾆｭｰｷﾝｸﾞﾊﾅﾊﾅV-30,328,713,2,0,343,-383,356.5,0.0,設定1,25.1,23.0,20.4,17.4,14.0
2026-07-03,SBﾆｭｰｷﾝｸﾞﾊﾅﾊﾅV-30,327,1764,5,3,1069,-541,220.5,588.0,設定1,24.4,23.0,20.9,17.8,13.9
2026-07-03,SBﾆｭｰｷﾝｸﾞﾊﾅﾊﾅV-30,326,2156,8,2,1193,-289,215.6,1078.0,設定1,27.0,24.3,20.7,16.4,11.6
2026-07-03,SBﾆｭｰｷﾝｸﾞﾊﾅﾊﾅV-30,325,6189,26,11,1891,800,167.3,562.6,設定2,21.5,22.4,22.2,19.8,14.2
2026-07-03,SBﾆｭｰｷﾝｸﾞﾊﾅﾊﾅV-30,324,3528,12,8,982,-198,176.4,441.0,設定3,20.5,21.3,21.4,20.1,16.6
2026-07-03,SBﾆｭｰｷﾝｸﾞﾊﾅﾊﾅV-30,323,888,0,0,24,-1254,0.0,0.0,設定1,30.3,25.3,20.1,14.6,9.7
2026-07-03,SBﾆｭｰｷﾝｸﾞﾊﾅﾊﾅV-30,322,2618,7,4,568,-993,238.0,654.5,設定1,28.4,25.1,20.8,15.6,10.1
2026-07-03,SBﾆｭｰｷﾝｸﾞﾊﾅﾊﾅV-30,321,3309,12,6,1469,-149,183.8,551.5,設定1,23.3,22.8,21.3,18.5,14.0
2026-07-03,SBﾆｭｰｷﾝｸﾞﾊﾅﾊﾅV-30,320,3158,11,5,1133,-378,197.4,631.6,設定1,25.8,24.0,21.2,17.1,11.9
2026-07-03,SBﾆｭｰｷﾝｸﾞﾊﾅﾊﾅV-30,319,3595,10,9,879,-787,189.2,399.4,設定2,21.6,22.0,21.6,19.5,15.3
2026-07-02,SBﾆｭｰｷﾝｸﾞﾊﾅﾊﾅV-30,372,4677,16,12,1204,-53,167.0,389.8,設定4,17.2,19.5,21.5,22.1,19.7
2026-07-02,SBﾆｭｰｷﾝｸﾞﾊﾅﾊﾅV-30,371,2834,9,10,927,105,149.2,283.4,設定V,13.0,15.9,19.6,23.8,27.7
2026-07-02,SBﾆｭｰｷﾝｸﾞﾊﾅﾊﾅV-30,370,4765,18,7,1623,-204,190.6,680.7,設定1,28.0,25.4,21.3,15.9,9.5
2026-07-02,SBﾆｭｰｷﾝｸﾞﾊﾅﾊﾅV-30,369,3344,11,12,1288,268,145.4,278.7,設定V,11.2,14.4,18.9,24.7,30.7
2026-07-02,SBﾆｭｰｷﾝｸﾞﾊﾅﾊﾅV-30,368,2564,9,4,1097,-293,197.2,641.0,設定1,24.7,23.3,21.1,17.7,13.2
2026-07-02,SBﾆｭｰｷﾝｸﾞﾊﾅﾊﾅV-30,367,2498,7,5,1077,-694,208.2,499.6,設定1,24.3,23.2,21.2,17.9,13.5
2026-07-02,SBﾆｭｰｷﾝｸﾞﾊﾅﾊﾅV-30,366,1063,3,1,467,-435,265.8,1063.0,設定1,24.9,23.0,20.6,17.6,14.0
2026-07-02,SBﾆｭｰｷﾝｸﾞﾊﾅﾊﾅV-30,365,1075,4,1,581,-140,215.0,1075.0,設定1,23.5,22.2,20.6,18.3,15.4
2026-07-02,SBﾆｭｰｷﾝｸﾞﾊﾅﾊﾅV-30,364,1179,2,1,337,-911,393.0,1179.0,設定1,27.8,24.4,20.5,16.0,11.4
2026-07-02,SBﾆｭｰｷﾝｸﾞﾊﾅﾊﾅV-30,363,1508,5,3,665,-179,188.5,502.7,設定1,21.5,21.3,20.7,19.4,17.1
2026-07-02,SBﾆｭｰｷﾝｸﾞﾊﾅﾊﾅV-30,362,4171,13,15,1143,114,149.0,278.1,設定V,10.1,13.7,18.8,25.3,32.0
2026-07-02,SBﾆｭｰｷﾝｸﾞﾊﾅﾊﾅV-30,361,1368,5,2,626,-112,195.4,684.0,設定1,22.6,21.9,20.7,18.8,16.1
2026-07-02,SBﾆｭｰｷﾝｸﾞﾊﾅﾊﾅV-30,360,7378,32,15,2954,1513,157.0,491.9,設定4,15.9,19.0,21.9,23.3,19.8
2026-07-02,SBﾆｭｰｷﾝｸﾞﾊﾅﾊﾅV-30,359,2863,9,12,1205,324,136.3,238.6,設定V,9.5,12.8,17.8,25.1,34.8
2026-07-02,SBﾆｭｰｷﾝｸﾞﾊﾅﾊﾅV-30,358,949,2,0,597,-716,474.5,0.0,設定1,27.8,24.3,20.3,16.0,11.5
2026-07-02,SBﾆｭｰｷﾝｸﾞﾊﾅﾊﾅV-30,357,2533,8,6,1202,-301,180.9,422.2,設定2,20.6,21.1,21.1,19.9,17.2
2026-07-02,SBﾆｭｰｷﾝｸﾞﾊﾅﾊﾅV-30,356,4697,17,13,1534,359,156.6,361.3,設定V,13.9,17.0,20.6,23.9,24.6
2026-07-02,SBﾆｭｰｷﾝｸﾞﾊﾅﾊﾅV-30,355,848,4,0,897,50,212.0,0.0,設定1,23.6,22.2,20.4,18.3,15.5
2026-07-02,SBﾆｭｰｷﾝｸﾞﾊﾅﾊﾅV-30,354,1835,4,4,650,-823,229.4,458.8,設定1,24.0,22.9,21.0,18.0,14.1
2026-07-02,SBﾆｭｰｷﾝｸﾞﾊﾅﾊﾅV-30,353,1576,6,7,904,556,121.2,225.1,設定V,11.6,14.4,18.3,24.0,31.7
2026-07-02,SBﾆｭｰｷﾝｸﾞﾊﾅﾊﾅV-30,352,4640,18,12,2049,622,154.7,386.7,設定V,14.3,17.3,20.6,23.6,24.1
2026-07-02,SBﾆｭｰｷﾝｸﾞﾊﾅﾊﾅV-30,351,2169,8,3,1160,-177,197.2,723.0,設定1,24.5,23.1,20.9,17.8,13.7
2026-07-02,SBﾆｭｰｷﾝｸﾞﾊﾅﾊﾅV-30,350,508,1,1,313,-275,254.0,508.0,設定1,21.6,21.1,20.4,19.3,17.7
2026-07-02,SBﾆｭｰｷﾝｸﾞﾊﾅﾊﾅV-30,349,711,1,3,383,-302,177.8,237.0,設定V,18.6,19.4,20.2,20.8,21.0
2026-07-02,SBﾆｭｰｷﾝｸﾞﾊﾅﾊﾅV-30,348,5271,23,8,2200,771,170.0,658.9,設定1,23.5,23.3,21.8,18.5,12.9
2026-07-02,SBﾆｭｰｷﾝｸﾞﾊﾅﾊﾅV-30,347,605,2,0,334,-230,302.5,0.0,設定1,23.8,22.3,20.4,18.1,15.3
2026-07-02,SBﾆｭｰｷﾝｸﾞﾊﾅﾊﾅV-30,346,4788,24,6,2433,1505,159.6,798.0,設定2,22.0,22.2,21.5,19.5,14.8
2026-07-02,SBﾆｭｰｷﾝｸﾞﾊﾅﾊﾅV-30,345,2054,6,4,602,-509,205.4,513.5,設定1,23.5,22.6,21.0,18.3,14.6
2026-07-02,SBﾆｭｰｷﾝｸﾞﾊﾅﾊﾅV-30,344,2564,10,5,1116,148,170.9,512.8,設定2,20.6,21.1,21.0,20.0,17.3
2026-07-02,SBﾆｭｰｷﾝｸﾞﾊﾅﾊﾅV-30,343,3365,9,8,853,-904,197.9,420.6,設定1,23.1,22.8,21.6,18.6,13.9
2026-07-02,SBﾆｭｰｷﾝｸﾞﾊﾅﾊﾅV-30,342,2031,3,5,627,-1282,253.9,406.2,設定1,25.1,23.5,21.1,17.4,12.9
2026-07-02,SBﾆｭｰｷﾝｸﾞﾊﾅﾊﾅV-30,341,2120,2,5,547,-1720,302.9,424.0,設定1,27.6,24.8,20.9,16.0,10.7
2026-07-02,SBﾆｭｰｷﾝｸﾞﾊﾅﾊﾅV-30,340,1176,4,1,536,-282,235.2,1176.0,設定1,24.6,22.9,20.6,17.7,14.2
2026-07-02,SBﾆｭｰｷﾝｸﾞﾊﾅﾊﾅV-30,339,966,3,0,808,-428,322.0,0.0,設定1,26.5,23.7,20.4,16.7,12.7
2026-07-02,SBﾆｭｰｷﾝｸﾞﾊﾅﾊﾅV-30,338,1020,2,1,418,-686,340.0,1020.0,設定1,25.9,23.5,20.6,17.0,13.0
2026-07-02,SBﾆｭｰｷﾝｸﾞﾊﾅﾊﾅV-30,337,3949,8,12,670,-1521,197.4,329.1,設定3,20.6,21.7,21.9,20.0,15.8
2026-07-02,SBﾆｭｰｷﾝｸﾞﾊﾅﾊﾅV-30,336,2681,15,6,2432,1673,127.7,446.8,設定V,12.9,15.5,19.0,23.8,28.8
2026-07-02,SBﾆｭｰｷﾝｸﾞﾊﾅﾊﾅV-30,335,1079,3,4,672,-67,154.1,269.8,設定V,17.3,18.6,20.1,21.5,22.6
2026-07-02,SBﾆｭｰｷﾝｸﾞﾊﾅﾊﾅV-30,334,893,3,0,412,-325,297.7,0.0,設定1,25.6,23.3,20.5,17.2,13.5
2026-07-02,SBﾆｭｰｷﾝｸﾞﾊﾅﾊﾅV-30,333,2219,6,3,633,-872,246.6,739.7,設定1,28.1,24.8,20.7,15.8,10.6
2026-07-02,SBﾆｭｰｷﾝｸﾞﾊﾅﾊﾅV-30,332,1809,5,3,660,-605,226.1,603.0,設定1,24.9,23.2,20.9,17.5,13.4
2026-07-02,SBﾆｭｰｷﾝｸﾞﾊﾅﾊﾅV-30,331,6406,21,16,1213,-415,173.1,400.4,設定3,18.4,20.8,22.4,21.6,16.8
2026-07-02,SBﾆｭｰｷﾝｸﾞﾊﾅﾊﾅV-30,330,895,1,2,404,-692,298.3,447.5,設定1,23.3,22.2,20.6,18.4,15.5
2026-07-02,SBﾆｭｰｷﾝｸﾞﾊﾅﾊﾅV-30,329,2474,6,7,630,-712,190.3,353.4,設定3,20.3,21.0,21.1,20.1,17.5
2026-07-02,SBﾆｭｰｷﾝｸﾞﾊﾅﾊﾅV-30,328,2280,5,5,559,-1010,228.0,456.0,設定1,24.9,23.4,21.1,17.5,13.0
2026-07-02,SBﾆｭｰｷﾝｸﾞﾊﾅﾊﾅV-30,327,695,1,1,334,-539,347.5,695.0,設定1,23.7,22.3,20.5,18.2,15.3
2026-07-02,SBﾆｭｰｷﾝｸﾞﾊﾅﾊﾅV-30,326,1782,5,6,1251,-176,162.0,297.0,設定V,16.9,18.6,20.3,21.8,22.4
2026-07-02,SBﾆｭｰｷﾝｸﾞﾊﾅﾊﾅV-30,325,510,3,0,653,215,170.0,0.0,設定1,21.2,20.8,20.2,19.5,18.2
2026-07-02,SBﾆｭｰｷﾝｸﾞﾊﾅﾊﾅV-30,324,2509,11,6,1601,668,147.6,418.2,設定V,16.2,18.1,20.2,22.3,23.1
2026-07-02,SBﾆｭｰｷﾝｸﾞﾊﾅﾊﾅV-30,323,7709,28,18,2165,187,167.6,428.3,設定3,17.4,20.4,22.7,22.3,17.2
2026-07-02,SBﾆｭｰｷﾝｸﾞﾊﾅﾊﾅV-30,322,2449,9,7,1208,259,153.1,349.9,設定V,16.0,18.0,20.3,22.4,23.4
2026-07-02,SBﾆｭｰｷﾝｸﾞﾊﾅﾊﾅV-30,321,2976,14,3,1377,554,175.1,992.0,設定1,24.6,23.2,21.0,17.9,13.4
2026-07-02,SBﾆｭｰｷﾝｸﾞﾊﾅﾊﾅV-30,320,2954,11,11,1595,689,134.3,268.5,設定V,10.0,13.2,18.0,25.0,33.9
2026-07-02,SBﾆｭｰｷﾝｸﾞﾊﾅﾊﾅV-30,319,6472,27,15,2100,1232,154.1,431.5,設定4,13.8,17.2,21.1,24.3,23.7
