日付,機種名,台番,累計ゲーム数,BIG回数,REG回数,最大放出数,推測差枚,合算確率,REG確率,設定推測
本日,SBﾆｭｰｷﾝｸﾞﾊﾅﾊﾅV-30,0319,1026,2,2,330,-502,256.5,513.0,設定1近辺
本日,SBﾆｭｰｷﾝｸﾞﾊﾅﾊﾅV-30,0320,718,1,3,368,-268,179.5,239.3,判定不能(G数不足)
本日,SBﾆｭｰｷﾝｸﾞﾊﾅﾊﾅV-30,0321,905,7,0,846,961,129.3,0,判定不能(G数不足)
本日,SBﾆｭｰｷﾝｸﾞﾊﾅﾊﾅV-30,0322,87,0,0,10,-117,0,0,判定不能(G数不足)
本日,SBﾆｭｰｷﾝｸﾞﾊﾅﾊﾅV-30,0323,239,0,0,20,-322,0,0,判定不能(G数不足)
本日,SBﾆｭｰｷﾝｸﾞﾊﾅﾊﾅV-30,0324,420,2,2,545,316,105.0,210.0,判定不能(G数不足)
本日,SBﾆｭｰｷﾝｸﾞﾊﾅﾊﾅV-30,0325,90,0,0,13,-121,0,0,判定不能(G数不足)
本日,SBﾆｭｰｷﾝｸﾞﾊﾅﾊﾅV-30,0326,252,0,0,13,-340,0,0,判定不能(G数不足)
本日,SBﾆｭｰｷﾝｸﾞﾊﾅﾊﾅV-30,0327,672,1,2,371,-336,224.0,336.0,判定不能(G数不足)
本日,SBﾆｭｰｷﾝｸﾞﾊﾅﾊﾅV-30,0328,187,0,0,15,-252,0,0,判定不能(G数不足)
本日,SBﾆｭｰｷﾝｸﾞﾊﾅﾊﾅV-30,0329,490,0,0,23,-662,0,0,判定不能(G数不足)
本日,SBﾆｭｰｷﾝｸﾞﾊﾅﾊﾅV-30,0330,972,5,8,1376,1286,74.8,121.5,判定不能(G数不足)
本日,SBﾆｭｰｷﾝｸﾞﾊﾅﾊﾅV-30,0331,341,0,1,133,-330,341.0,341.0,判定不能(G数不足)
本日,SBﾆｭｰｷﾝｸﾞﾊﾅﾊﾅV-30,0332,209,2,1,667,471,69.7,209.0,判定不能(G数不足)
本日,SBﾆｭｰｷﾝｸﾞﾊﾅﾊﾅV-30,0333,646,3,0,831,63,215.3,0,判定不能(G数不足)
本日,SBﾆｭｰｷﾝｸﾞﾊﾅﾊﾅV-30,0334,276,0,0,20,-372,0,0,判定不能(G数不足)
本日,SBﾆｭｰｷﾝｸﾞﾊﾅﾊﾅV-30,0335,230,2,1,626,443,76.7,230.0,判定不能(G数不足)
本日,SBﾆｭｰｷﾝｸﾞﾊﾅﾊﾅV-30,0336,3056,11,8,1214,342,160.8,382.0,設定4近辺
本日,SBﾆｭｰｷﾝｸﾞﾊﾅﾊﾅV-30,0337,3343,11,13,1236,604,139.3,257.2,設定V以上!?
本日,SBﾆｭｰｷﾝｸﾞﾊﾅﾊﾅV-30,0338,0,0,0,0,0,0,0,判定不能(G数不足)
本日,SBﾆｭｰｷﾝｸﾞﾊﾅﾊﾅV-30,0339,1028,3,7,605,456,102.8,146.9,設定V以上!?
本日,SBﾆｭｰｷﾝｸﾞﾊﾅﾊﾅV-30,0340,616,4,4,1200,935,77.0,154.0,判定不能(G数不足)
本日,SBﾆｭｰｷﾝｸﾞﾊﾅﾊﾅV-30,0341,438,1,1,322,-149,219.0,438.0,判定不能(G数不足)
本日,SBﾆｭｰｷﾝｸﾞﾊﾅﾊﾅV-30,0342,1496,5,2,910,-201,213.7,748.0,設定1近辺
本日,SBﾆｭｰｷﾝｸﾞﾊﾅﾊﾅV-30,0343,658,3,0,659,46,219.3,0,判定不能(G数不足)
本日,SBﾆｭｰｷﾝｸﾞﾊﾅﾊﾅV-30,0344,194,0,0,13,-262,0,0,判定不能(G数不足)
本日,SBﾆｭｰｷﾝｸﾞﾊﾅﾊﾅV-30,0345,660,1,0,312,-579,660.0,0,判定不能(G数不足)
本日,SBﾆｭｰｷﾝｸﾞﾊﾅﾊﾅV-30,0346,686,4,2,1006,581,114.3,343.0,判定不能(G数不足)
本日,SBﾆｭｰｷﾝｸﾞﾊﾅﾊﾅV-30,0347,687,2,0,387,-304,343.5,0,判定不能(G数不足)
本日,SBﾆｭｰｷﾝｸﾞﾊﾅﾊﾅV-30,0348,450,2,1,711,145,150.0,450.0,判定不能(G数不足)
本日,SBﾆｭｰｷﾝｸﾞﾊﾅﾊﾅV-30,0349,745,2,1,682,-252,248.3,745.0,判定不能(G数不足)
本日,SBﾆｭｰｷﾝｸﾞﾊﾅﾊﾅV-30,0350,311,1,0,313,-108,311.0,0,判定不能(G数不足)
本日,SBﾆｭｰｷﾝｸﾞﾊﾅﾊﾅV-30,0351,1115,4,3,720,131,159.3,371.7,設定V以上!?
本日,SBﾆｭｰｷﾝｸﾞﾊﾅﾊﾅV-30,0352,730,2,3,552,27,146.0,243.3,判定不能(G数不足)
本日,SBﾆｭｰｷﾝｸﾞﾊﾅﾊﾅV-30,0353,2966,8,3,732,-1121,269.6,988.7,設定1近辺
本日,SBﾆｭｰｷﾝｸﾞﾊﾅﾊﾅV-30,0354,798,3,1,645,-12,199.5,798.0,判定不能(G数不足)
本日,SBﾆｭｰｷﾝｸﾞﾊﾅﾊﾅV-30,0355,1915,9,4,969,740,147.3,478.8,設定1近辺
本日,SBﾆｭｰｷﾝｸﾞﾊﾅﾊﾅV-30,0356,27,0,0,10,-36,0,0,判定不能(G数不足)
本日,SBﾆｭｰｷﾝｸﾞﾊﾅﾊﾅV-30,0357,739,4,0,929,249,184.8,0,判定不能(G数不足)
本日,SBﾆｭｰｷﾝｸﾞﾊﾅﾊﾅV-30,0358,183,0,0,15,-247,0,0,判定不能(G数不足)
本日,SBﾆｭｰｷﾝｸﾞﾊﾅﾊﾅV-30,0359,127,1,0,312,140,127.0,0,判定不能(G数不足)
本日,SBﾆｭｰｷﾝｸﾞﾊﾅﾊﾅV-30,0360,2736,14,8,1678,1710,124.4,342.0,設定V以上!?
本日,SBﾆｭｰｷﾝｸﾞﾊﾅﾊﾅV-30,0361,6,0,0,8,-8,0,0,判定不能(G数不足)
本日,SBﾆｭｰｷﾝｸﾞﾊﾅﾊﾅV-30,0362,288,0,0,23,-389,0,0,判定不能(G数不足)
本日,SBﾆｭｰｷﾝｸﾞﾊﾅﾊﾅV-30,0363,275,0,1,136,-241,275.0,275.0,判定不能(G数不足)
本日,SBﾆｭｰｷﾝｸﾞﾊﾅﾊﾅV-30,0364,1048,2,1,329,-662,349.3,1048.0,設定1近辺
本日,SBﾆｭｰｷﾝｸﾞﾊﾅﾊﾅV-30,0365,538,1,2,364,-154,179.3,269.0,判定不能(G数不足)
本日,SBﾆｭｰｷﾝｸﾞﾊﾅﾊﾅV-30,0366,2351,11,8,2390,1295,123.7,293.9,設定V以上!?
本日,SBﾆｭｰｷﾝｸﾞﾊﾅﾊﾅV-30,0367,0,0,0,0,0,0,0,判定不能(G数不足)
本日,SBﾆｭｰｷﾝｸﾞﾊﾅﾊﾅV-30,0368,435,4,1,1021,790,87.0,435.0,判定不能(G数不足)
本日,SBﾆｭｰｷﾝｸﾞﾊﾅﾊﾅV-30,0369,578,4,2,835,726,96.3,289.0,判定不能(G数不足)
本日,SBﾆｭｰｷﾝｸﾞﾊﾅﾊﾅV-30,0370,1378,3,1,713,-796,344.5,1378.0,設定1近辺
本日,SBﾆｭｰｷﾝｸﾞﾊﾅﾊﾅV-30,0371,241,0,0,18,-325,0,0,判定不能(G数不足)
本日,SBﾆｭｰｷﾝｸﾞﾊﾅﾊﾅV-30,0372,423,1,0,325,-259,423.0,0,判定不能(G数不足)
1日前,SBﾆｭｰｷﾝｸﾞﾊﾅﾊﾅV-30,0319,8753,31,24,3290,964,159.1,364.7,設定V以上!?
1日前,SBﾆｭｰｷﾝｸﾞﾊﾅﾊﾅV-30,0320,2379,7,4,607,-510,216.3,594.8,設定1近辺
1日前,SBﾆｭｰｷﾝｸﾞﾊﾅﾊﾅV-30,0321,6983,26,17,1900,885,162.4,410.8,設定3近辺
1日前,SBﾆｭｰｷﾝｸﾞﾊﾅﾊﾅV-30,0322,8818,49,21,5642,6102,126.0,419.9,設定3近辺
1日前,SBﾆｭｰｷﾝｸﾞﾊﾅﾊﾅV-30,0323,7422,31,10,2315,942,181.0,742.2,設定1近辺
1日前,SBﾆｭｰｷﾝｸﾞﾊﾅﾊﾅV-30,0324,3088,9,2,985,-1104,280.7,1544.0,設定1近辺
1日前,SBﾆｭｰｷﾝｸﾞﾊﾅﾊﾅV-30,0325,9302,43,23,4260,3836,140.9,404.4,設定4近辺
1日前,SBﾆｭｰｷﾝｸﾞﾊﾅﾊﾅV-30,0326,5102,19,10,1255,333,175.9,510.2,設定1近辺
1日前,SBﾆｭｰｷﾝｸﾞﾊﾅﾊﾅV-30,0327,9816,36,31,2216,1997,146.5,316.6,設定V以上!?
1日前,SBﾆｭｰｷﾝｸﾞﾊﾅﾊﾅV-30,0328,3452,10,8,1002,-504,191.8,431.5,設定3近辺
1日前,SBﾆｭｰｷﾝｸﾞﾊﾅﾊﾅV-30,0329,6828,30,19,3713,2603,139.3,359.4,設定V以上!?
1日前,SBﾆｭｰｷﾝｸﾞﾊﾅﾊﾅV-30,0330,8064,30,23,1916,1453,152.2,350.6,設定V以上!?
1日前,SBﾆｭｰｷﾝｸﾞﾊﾅﾊﾅV-30,0331,9139,42,22,4628,3614,142.8,415.4,設定3近辺
1日前,SBﾆｭｰｷﾝｸﾞﾊﾅﾊﾅV-30,0332,9395,42,32,5935,4568,127.0,293.6,設定V以上!?
1日前,SBﾆｭｰｷﾝｸﾞﾊﾅﾊﾅV-30,0333,5336,20,6,1378,-190,205.2,889.3,設定1近辺
1日前,SBﾆｭｰｷﾝｸﾞﾊﾅﾊﾅV-30,0334,5763,14,17,813,-1209,185.9,339.0,設定V以上!?
1日前,SBﾆｭｰｷﾝｸﾞﾊﾅﾊﾅV-30,0335,10168,41,25,3120,2301,154.1,406.7,設定4近辺
1日前,SBﾆｭｰｷﾝｸﾞﾊﾅﾊﾅV-30,0336,6899,19,15,1728,-1444,202.9,459.9,設定2近辺
1日前,SBﾆｭｰｷﾝｸﾞﾊﾅﾊﾅV-30,0337,8038,22,22,2113,-1137,182.7,365.4,設定V以上!?
1日前,SBﾆｭｰｷﾝｸﾞﾊﾅﾊﾅV-30,0338,5707,13,20,1271,-1055,172.9,285.4,設定V以上!?
1日前,SBﾆｭｰｷﾝｸﾞﾊﾅﾊﾅV-30,0339,6326,26,15,2381,1513,154.3,421.7,設定3近辺
1日前,SBﾆｭｰｷﾝｸﾞﾊﾅﾊﾅV-30,0340,7707,36,23,3821,3807,130.6,335.1,設定V以上!?
1日前,SBﾆｭｰｷﾝｸﾞﾊﾅﾊﾅV-30,0341,5821,18,16,996,-169,171.2,363.8,設定V以上!?
1日前,SBﾆｭｰｷﾝｸﾞﾊﾅﾊﾅV-30,0342,7291,24,12,2492,-804,202.5,607.6,設定1近辺
1日前,SBﾆｭｰｷﾝｸﾞﾊﾅﾊﾅV-30,0343,2956,11,5,1318,87,184.8,591.2,設定1近辺
1日前,SBﾆｭｰｷﾝｸﾞﾊﾅﾊﾅV-30,0344,8287,29,18,1965,189,176.3,460.4,設定2近辺
1日前,SBﾆｭｰｷﾝｸﾞﾊﾅﾊﾅV-30,0345,4955,4,6,415,-4667,495.5,825.8,設定1近辺
1日前,SBﾆｭｰｷﾝｸﾞﾊﾅﾊﾅV-30,0346,3215,6,5,478,-1822,292.3,643.0,設定1近辺
1日前,SBﾆｭｰｷﾝｸﾞﾊﾅﾊﾅV-30,0347,8234,30,15,2782,183,183.0,548.9,設定1近辺
1日前,SBﾆｭｰｷﾝｸﾞﾊﾅﾊﾅV-30,0348,3539,12,3,1271,-648,235.9,1179.7,設定1近辺
1日前,SBﾆｭｰｷﾝｸﾞﾊﾅﾊﾅV-30,0349,7384,29,17,1805,1280,160.5,434.4,設定3近辺
1日前,SBﾆｭｰｷﾝｸﾞﾊﾅﾊﾅV-30,0350,9608,43,30,4438,4332,131.6,320.3,設定V以上!?
1日前,SBﾆｭｰｷﾝｸﾞﾊﾅﾊﾅV-30,0351,2426,8,4,1245,-262,202.2,606.5,設定1近辺
1日前,SBﾆｭｰｷﾝｸﾞﾊﾅﾊﾅV-30,0352,8037,36,19,2644,2841,146.1,423.0,設定3近辺
1日前,SBﾆｭｰｷﾝｸﾞﾊﾅﾊﾅV-30,0353,3861,11,8,943,-745,203.2,482.6,設定1近辺
1日前,SBﾆｭｰｷﾝｸﾞﾊﾅﾊﾅV-30,0354,8787,47,22,5515,5650,127.3,399.4,設定4近辺
1日前,SBﾆｭｰｷﾝｸﾞﾊﾅﾊﾅV-30,0355,2962,5,4,625,-1922,329.1,740.5,設定1近辺
1日前,SBﾆｭｰｷﾝｸﾞﾊﾅﾊﾅV-30,0356,9052,37,19,2630,1782,161.6,476.4,設定1近辺
1日前,SBﾆｭｰｷﾝｸﾞﾊﾅﾊﾅV-30,0357,5046,10,13,577,-2008,219.4,388.2,設定4近辺
1日前,SBﾆｭｰｷﾝｸﾞﾊﾅﾊﾅV-30,0358,5633,27,13,2996,2502,140.8,433.3,設定3近辺
1日前,SBﾆｭｰｷﾝｸﾞﾊﾅﾊﾅV-30,0359,4907,12,14,907,-1066,188.7,350.5,設定V以上!?
1日前,SBﾆｭｰｷﾝｸﾞﾊﾅﾊﾅV-30,0360,9114,34,26,2665,1672,151.9,350.5,設定V以上!?
1日前,SBﾆｭｰｷﾝｸﾞﾊﾅﾊﾅV-30,0361,6451,17,14,1299,-1593,208.1,460.8,設定2近辺
1日前,SBﾆｭｰｷﾝｸﾞﾊﾅﾊﾅV-30,0362,5985,18,14,1708,-651,187.0,427.5,設定3近辺
1日前,SBﾆｭｰｷﾝｸﾞﾊﾅﾊﾅV-30,0363,8628,39,16,3544,2588,156.9,539.2,設定1近辺
1日前,SBﾆｭｰｷﾝｸﾞﾊﾅﾊﾅV-30,0364,5925,15,14,848,-1506,204.3,423.2,設定3近辺
1日前,SBﾆｭｰｷﾝｸﾞﾊﾅﾊﾅV-30,0365,7208,32,11,1975,1673,167.6,655.3,設定1近辺
1日前,SBﾆｭｰｷﾝｸﾞﾊﾅﾊﾅV-30,0366,9221,38,28,2978,3035,139.7,329.3,設定V以上!?
1日前,SBﾆｭｰｷﾝｸﾞﾊﾅﾊﾅV-30,0367,5535,18,11,945,-433,190.9,503.2,設定1近辺
1日前,SBﾆｭｰｷﾝｸﾞﾊﾅﾊﾅV-30,0368,2790,8,5,702,-624,214.6,558.0,設定1近辺
1日前,SBﾆｭｰｷﾝｸﾞﾊﾅﾊﾅV-30,0369,7944,33,19,2768,2031,152.8,418.1,設定3近辺
1日前,SBﾆｭｰｷﾝｸﾞﾊﾅﾊﾅV-30,0370,4973,17,7,1172,-506,207.2,710.4,設定1近辺
1日前,SBﾆｭｰｷﾝｸﾞﾊﾅﾊﾅV-30,0371,8600,36,28,2995,3250,134.4,307.1,設定V以上!?
1日前,SBﾆｭｰｷﾝｸﾞﾊﾅﾊﾅV-30,0372,5357,19,7,1042,-400,206.0,765.3,設定1近辺
